Date,SP500,SMALL CAP,TBILL,GOVT IT,GOVT LT,CORP LT,INFLATION
10/31/2017,0.0307,0.0264,0.000828221,-0.0037555,0.003611004,0.002042802,0.000316188
9/30/2017,0.0233,0.0111,0.000854099,-0.001709994,-0.001295902,0.0076377,-0.000631976
8/31/2017,0.0206,0.0839,0.000941489,-0.007368903,-0.020542796,-0.003724699,0.005294891
7/31/2017,0.0031,-0.0216,0.000850075,0.007314599,0.028868596,0.0153129,0.002994489
6/30/2017,0.0206,0.0047,0.000724136,0.003943098,-0.002658198,0.006021899,-0.000689912
5/31/2017,0.0062,0.0372,0.000614975,-0.003928496,-0.001017698,0.010831802,0.000907118
4/30/2017,0.0141,-0.0299,0.000637922,0.005641693,0.015819,0.022562898,0.000854673
3/31/2017,0.0103,0.0159,0.000543497,0.007479199,0.014535399,0.017582098,0.002965562
2/28/2017,0.0012,0.0017,0.000335809,0.001481101,-0.003971303,-0.006157997,0.000812798
1/31/2017,0.0397,0.0068,0.000363554,0.003406101,0.013743603,0.021204498,0.003146049
12/31/2016,0.019,-0.0144,0.00036582,0.004432603,0.0042639,-0.002130099,0.00582769
11/30/2016,0.0198,0.0406,0.000253414,-0.000726903,-0.0057066,0.005867301,0.000327304
10/31/2016,0.037,0.1319,0.000140401,-0.018853995,-0.059851202,-0.050984002,-0.001555443
9/30/2016,-0.0182,-0.0353,0.0001574,-0.005205605,-0.0314152,-0.026280899,0.001246663
8/31/2016,0.0002,0.0072,0.000215896,0.002677709,-0.012444801,-0.011925201,0.002403983
7/31/2016,0.0014,0.0159,0.000182307,-0.006447005,-0.014041403,0.0016493,0.000918421
6/30/2016,0.0369,0.0502,0.000189088,0.000391002,0.008058301,0.024489698,-0.001618117
5/31/2016,0.0026,-0.0017,0.000194173,0.017469498,0.059010403,0.037700504,0.003284394
4/30/2016,0.018,0.0107,0.000128608,-0.002126799,0.008247199,0.001632696,0.004045817
3/31/2016,0.0039,0.0108,6.95E-05,-0.001000197,-0.005281399,0.014583903,0.004741106
2/29/2016,0.0678,0.0708,0.000204984,0.004483092,-0.000336403,0.042315999,0.00430597
1/31/2016,-0.0013,0.011,0.000201285,0.005724006,0.029448102,0.023171399,0.000823104
12/31/2015,-0.0496,-0.068,6.04E-05,0.023326501,0.047550799,0.006661099,0.001653098
11/30/2015,-0.0158,-0.049,0.000101582,-0.001721298,-0.0021901,4.20E-06,-0.0034171
10/31/2015,0.003,0.0284,2.19E-05,-0.004037603,-0.006469998,0.001952102,-0.002110642
9/30/2015,0.0844,0.0603,-1.93E-05,-0.005172606,-0.005341503,0.001983898,-0.000449736
8/31/2015,-0.0247,-0.0431,8.60E-06,0.009918899,0.017441205,0.013281603,-0.001556809
7/31/2015,-0.0603,-0.0443,3.31E-05,0.001119909,0.001182297,-0.006725303,-0.001416254
6/30/2015,0.021,-0.0244,-9.81E-06,0.005060396,0.032903905,0.0238874,6.70017E-05
5/31/2015,-0.0194,0.0163,3.94E-06,-0.005268804,-0.029824801,-0.0319698,0.003502848
4/30/2015,0.0129,0.0138,-7.82E-06,0.000463505,-0.015923601,-0.020386101,0.00509722
3/31/2015,0.0096,-0.0195,2.75E-05,-0.001390897,-0.025028204,-0.0222871,0.002032936
2/28/2015,-0.0158,0.0229,1.86E-05,0.007444494,0.013656401,0.005799201,0.005951672
1/31/2015,0.0575,0.0603,-1.02E-06,-0.0122789,-0.052331297,-0.0320272,0.004342992
12/31/2014,-0.03,-0.049,1.17E-05,0.024110603,0.0708974,0.059853903,-0.004705923
11/30/2014,-0.0025,0.0337,4.91E-06,-0.006004005,0.028987398,0.018257195,-0.005670104
10/31/2014,0.0269,-0.0075,-3.30E-06,0.00784831,0.028557801,0.017250702,-0.005399339
9/30/2014,0.0244,0.0652,1.37E-05,0.008922592,0.029951897,0.0224779,-0.002512342
8/31/2014,-0.014,-0.0569,4.71E-06,-0.004864602,-0.017029298,-0.027055999,0.000752642
7/31/2014,0.04,0.0454,-1.70E-06,0.007474903,0.036893306,0.035620099,-0.001670546
6/30/2014,-0.0138,-0.0584,5.30E-06,-0.004702795,0.005666193,0.002432603,-0.000390174
5/31/2014,0.0207,0.0434,2.44E-05,-0.001730603,-0.002547597,0.0020015,0.001862125
4/30/2014,0.0235,0.001,7.19E-06,0.0094399,0.027855103,0.0187781,0.003492583
3/31/2014,0.0074,-0.0341,1.72E-05,0.004791204,0.0181243,0.015998197,0.003296774
2/28/2014,0.0084,0.0097,2.43E-05,-0.006815608,0.006285093,0.006225098,0.006440025
1/31/2014,0.0457,0.0421,4.56E-05,0.002375201,0.007386704,0.0168386,0.00369787
12/31/2013,-0.0346,-0.0443,2.06E-05,0.013093804,0.054773694,0.0331256,0.003720241
11/30/2013,0.0253,0.0189,2.36E-05,-0.012194205,-0.020741193,0.000198801,-8.58302E-05
10/31/2013,0.0305,0.0555,2.08E-05,0.001145199,-0.023553399,-0.008583701,-0.002000003
9/30/2013,0.046,0.0348,2.78E-05,0.005115107,0.0128166,0.021056604,-0.002599973
8/31/2013,0.0314,0.0705,-1.46E-06,0.012091901,0.006127093,0.0014003,0.001199989
7/31/2013,-0.029,-0.0348,1.42E-05,-0.007352698,-0.007880895,-0.007399998,0.001202891
6/30/2013,0.0509,0.0741,4.71E-06,0.002634601,-0.0173138,0.003136998,0.000393982
5/31/2013,-0.0134,0.0046,1.70E-05,-0.013921307,-0.028513402,-0.037057502,0.00239973
4/30/2013,0.0234,0.0518,1.59E-05,-0.0164573,-0.062857398,-0.053607797,0.001780414
3/31/2013,0.0193,-0.0079,3.75E-05,0.006035503,0.0377628,0.034902697,-0.001039645
2/28/2013,0.0375,0.0487,3.79E-05,-0.014265295,-0.006192806,-0.001757102,0.002614479
1/31/2013,0.0136,0.011,2.33E-05,0.006404197,0.011435401,0.009283601,0.008190016
12/31/2012,0.0518,0.0568,1.67E-05,-0.0061289,-0.033167795,-0.031321296,0.002957312
11/30/2012,0.0091,0.038,0.000101204,-0.003129902,-0.0201974,-0.0062251,-0.002693096
10/31/2012,0.0058,0.0094,7.67E-05,0.004787204,0.014360397,-0.0091909,-0.002910408
9/30/2012,-0.0185,-0.0205,6.38E-05,-0.002376102,-0.001412298,0.020600301,-0.002221241
8/31/2012,0.0258,0.0419,6.49E-05,0.000417593,-0.0146361,-0.012603403,0.004462228
7/31/2012,0.0225,0.0312,5.94E-05,0.001502705,-0.006849601,-0.009263701,0.005565186
6/30/2012,0.0139,-0.0091,4.17E-05,0.007730197,0.024720099,0.0611553,-0.001629745
5/31/2012,0.0412,0.0512,2.20E-05,-0.001958193,-0.013571697,0.006417803,-0.001466437
4/30/2012,-0.0601,-0.0697,6.67E-05,0.00825049,0.064261698,0.034426196,-0.00117302
3/31/2012,-0.0063,-0.0142,2.57E-05,0.012899708,0.040947102,0.025103003,0.00302104
2/29/2012,0.0329,0.0298,4.63E-05,-0.007042998,-0.030168204,-0.030304004,0.007594566
1/31/2012,0.0432,0.0191,2.50E-05,-0.005237003,-0.019647002,0.005667302,0.004403035
12/31/2011,0.0448,0.0696,3.31E-06,0.000839796,0.000192,0.019431298,0.004400168
11/30/2011,0.0102,0.0086,7.78E-07,0.004942007,0.027025503,0.051230606,-0.002466523
10/31/2011,-0.0022,-0.006,2.19E-06,0.003560501,0.025145997,-0.035581602,-0.00084357
9/30/2011,0.1093,0.1543,4.33E-06,0.00091279,-0.0306048,0.009378299,-0.00206266
8/31/2011,-0.0703,-0.1058,4.96E-06,0.0008348,0.070417901,0.057491203,0.001518465
7/31/2011,-0.0543,-0.0893,8.03E-05,0.021034004,0.086223806,0.023968301,0.002757595
6/30/2011,-0.0203,-0.0269,-2.13E-05,0.020235796,0.042180098,0.047276294,0.000885969
5/31/2011,-0.0167,-0.0216,3.17E-05,-0.000109399,-0.0179414,-0.0209566,-0.001070973
4/30/2011,-0.0113,-0.0192,1.42E-05,0.017920103,0.035481603,0.025710705,0.004704242
3/31/2011,0.0296,0.0168,4.05E-05,0.015412502,0.019907898,0.023904398,0.006439404
2/28/2011,0.0004,0.0325,7.10E-05,-0.000473705,-0.000616502,-0.007190099,0.009751024
1/31/2011,0.0342,0.0587,0.000119631,-0.005308394,0.011319505,0.015742001,0.004931423
12/31/2010,0.0237,-0.0109,6.90E-05,0.006228893,-0.0196004,-0.019805702,0.004763203
11/30/2010,0.0668,0.0819,0.000133182,-0.017118899,-0.038814306,-0.0036191,0.001718434
10/31/2010,1.00E-04,0.0424,0.000108037,-0.008224096,-0.013726397,-0.005727401,0.000420548
9/30/2010,0.0381,0.0434,0.000108487,0.006364503,-0.031738704,-0.0202745,0.001245243
8/31/2010,0.0892,0.1216,0.000129578,0.004908601,-0.015330099,-0.014394799,0.000581681
7/31/2010,-0.0451,-0.0798,0.000127501,0.012809697,0.070212597,0.0473188,0.001380728
6/30/2010,0.0701,0.0714,0.000142808,0.015819203,0.002438108,0.016979795,0.000210953
5/31/2010,-0.0523,-0.0724,0.000132113,0.01291219,0.044564297,0.051945401,-0.000976254
4/30/2010,-0.0799,-0.0742,0.000109189,0.015077201,0.043683601,-0.005103102,0.000775145
3/31/2010,0.0158,0.0727,0.000114024,0.009435203,0.030396497,0.035740205,0.001736913
2/28/2010,0.0603,0.0808,6.95E-05,-0.008792296,-0.017875501,0.004508302,0.004106244
1/31/2010,0.031,0.0439,8.13E-06,0.007065291,0.003154206,0.003879994,0.000249176
12/31/2009,-0.036,-0.0294,3.06E-05,0.019405109,0.02636369,0.009552805,0.003417375
11/30/2009,0.0193,0.0869,5.94E-05,-0.024096502,-0.058440499,-0.027533899,-0.001761032
10/31/2009,0.06,0.0178,4.63E-06,0.018419002,0.020848108,0.004422397,0.000707664
9/30/2009,-0.0186,-0.0727,3.63E-05,0.003011091,-0.017057701,0.001572201,0.000963081
8/31/2009,0.0373,0.0576,8.28E-05,0.007475006,0.017600401,0.027342202,0.000625485
7/31/2009,0.0361,0.0273,0.000113826,0.009662199,0.023065198,0.023500299,0.002242845
6/30/2009,0.0756,0.0982,0.000135382,0.005606498,0.001877395,0.056475498,-0.001585636
5/31/2009,0.002,0.0276,7.90E-05,-0.007639902,0.008343201,0.035020505,0.008589833
4/30/2009,0.0559,0.0343,2.13E-05,-0.013164097,-0.024807797,0.048944495,0.00288881
3/31/2009,0.0957,0.1739,0.000135414,-0.016553199,-0.064941099,-0.003012396,0.002496391
2/28/2009,0.0876,0.0958,0.000158593,0.018623198,0.064109502,-0.001762599,0.002431667
1/31/2009,-0.1065,-0.1311,0.0001356,-0.008195594,-0.005610508,-0.030758607,0.004972928
12/31/2008,-0.0843,-0.1191,4.97E-06,-0.016326202,-0.112434797,-0.09486,0.004352408
11/30/2008,0.0106,0.056578,9.22E-06,0.015966701,0.096723205,0.155986599,-0.010342537
10/31/2008,-0.0718,-0.1284004,0.000262203,0.043001396,0.144269696,0.117383601,-0.019152859
9/30/2008,-0.168,-0.2071,0.000819374,0.014584908,-0.038315104,-0.044991993,-0.010101296
8/31/2008,-0.0891,-0.0737,0.001529644,0.008470393,0.011238705,-0.086347008,-0.001383035
7/31/2008,0.0145,0.0338,0.001264755,0.010403301,0.024223203,0.012128002,-0.003991556
6/30/2008,-0.0084,0.0448,0.001526514,0.006369803,-0.002475705,-0.010923001,0.005250949
5/31/2008,-0.0843,-0.0905,0.001739407,0.007498796,0.022039606,-0.006081996,0.010077058
4/30/2008,0.013,0.0398,0.001784525,-0.008424303,-0.016431507,-0.027734002,0.008420824
3/31/2008,0.0487,0.0207,0.001757401,-0.0293412,-0.028832403,0.009107003,0.006064834
2/29/2008,-0.0043,0.0031,0.001710298,0.00732111,0.010568201,-0.005891005,0.008668201
1/31/2008,-0.0325,-0.0314,0.001325602,0.0234124,0.00184151,-0.007094994,0.002904104
12/31/2007,-0.06,-0.0765,0.002148775,0.026275995,0.021341397,0.001686993,0.004970632
11/30/2007,-0.0069,-0.0006,0.002721705,0.004841307,-0.002908102,0.002837,-0.000670892
10/31/2007,-0.0418,-0.0842,0.003410807,0.042526995,0.046797705,0.007860002,0.005939535
9/30/2007,0.0159,0.017,0.003216712,-0.004832506,0.015514201,0.008769003,0.002139189
8/31/2007,0.0374,0.0148,0.003234289,0.005728001,0.001184501,0.013545998,0.002755933
7/31/2007,0.015,0.0116,0.004179906,0.018497803,0.019859896,0.015183995,-1.83E-03
6/30/2007,-0.031,-0.0651,0.003957177,0.017451094,0.028373791,-0.003219994,-0.000254412
5/31/2007,-0.0166,-0.0033,0.00398029,0.001075806,-0.009057493,-0.014843001,0.001938037
4/30/2007,0.0349,0.0315,0.004059308,-0.010242698,-0.020017195,-0.017772002,0.006110699
3/31/2007,0.0443,0.015,0.004362329,0.004698392,0.008509393,0.014045007,0.006496167
2/28/2007,0.0112,0.0102,0.004252271,0.002431102,-0.014487704,-0.023058009,0.00910576
1/31/2007,-0.0196,-0.005,0.003837202,0.017044909,0.03345511,0.028735,0.005350371
12/31/2006,0.0151,0.0115,0.004444403,-0.001979197,-0.0102208,-0.005097998,0.003052487
11/30/2006,0.014,0.0161,0.0040341,-0.006728111,-0.0235767,-0.023168002,0.001488794
10/31/2006,0.019,0.0225,0.004230324,0.008803812,0.020748103,0.024636999,-0.001486581
9/30/2006,0.0326,0.0545,0.004058,0.005153191,0.0076977,0.012713003,-0.005421363
8/31/2006,0.0258,0.0056,0.004081202,0.007864009,0.0170457,0.018342997,-0.004904468
7/31/2006,0.0238,0.0278,0.004224251,0.013544384,0.02991459,0.036066008,0.001965608
6/30/2006,0.0062,-0.0345,0.003976901,0.012519116,0.019889801,0.023727996,0.002957131
5/31/2006,0.0014,-0.0089,0.003964232,0.002237894,0.009157497,0.003886002,0.001975315
4/30/2006,-0.0288,-0.0589,0.004310991,-0.000435809,0.000969305,-0.002032998,0.004962795
3/31/2006,0.0134,-0.0041,0.003564226,-0.000807986,-0.024666706,-0.022388007,0.00850849
2/28/2006,0.0125,0.0455,0.003667585,-0.005602303,-0.053923589,-0.040432996,0.005535956
1/31/2006,0.0027,0.0025,0.003360978,-0.00171021,0.0238318,0.012782997,0.002017243
12/31/2005,0.0265,0.0914,0.00349951,-0.003592992,-0.011760701,-0.009257997,0.007622022
11/30/2005,0.0003,0.0018,0.003160893,0.006113495,0.026688399,0.022532999,-0.004048596
10/31/2005,0.0378,0.0453,0.003140034,0.005856501,0.007601596,0.009881004,-0.008032155
9/30/2005,-0.0167,-0.0281,0.002732069,-0.006256398,-0.019625997,-0.020402007,0.002012079
8/31/2005,0.0081,0.0061,0.002855231,-0.012358098,-0.033766999,-0.031045996,0.012219999
7/31/2005,-0.0091,-0.0139,0.003017059,0.016114702,0.0332765,0.023281001,0.005117724
6/30/2005,0.0372,0.0763,0.002374699,-0.014374102,-0.028783599,-0.024405001,0.004627218
5/31/2005,0.0014,0.0452,0.002267604,0.004294292,0.016726899,0.014105996,0.000514359
4/30/2005,0.0318,0.0603,0.002389938,0.010318409,0.029673694,0.029519003,-0.001027753
3/31/2005,-0.019,-0.0622,0.002056579,0.016703088,0.037253396,0.032663999,0.006725273
2/28/2005,-0.0177,-0.0323,0.002118494,-0.003816291,-0.007160497,-0.012450999,0.007820625
1/31/2005,0.021,0.0083,0.001645283,-0.011075008,-0.012777391,-0.011160998,0.005768194
12/31/2004,-0.0244,-0.041,0.001639699,0.002644409,0.030034687,0.027658,0.002101951
11/30/2004,0.034,0.0458,0.001648624,0.006666591,0.025000905,0.025732001,-0.00366498
10/31/2004,0.0405,0.0897,0.001543107,-0.01267999,-0.023380491,-0.019989007,0.000523789
9/30/2004,0.0153,0.0184,0.001125883,0.006403386,0.015352296,0.016379999,0.005265946
8/31/2004,0.0108,0.0501,0.001147205,0.001218905,0.009628399,0.010097002,0.002110824
7/31/2004,0.004,-0.0152,0.001101888,0.01952191,0.03945749,0.039495001,0.000527937
6/30/2004,-0.0331,-0.0747,0.000967022,0.008168194,0.0155435,0.018431001,-0.001581402
5/31/2004,0.0194,0.0441,0.00083647,0.004859298,0.012132715,0.009346003,0.003172934
4/30/2004,0.0137,0,0.00060995,-0.004925206,-0.005053504,-0.007135001,0.00585113
3/31/2004,-0.0157,-0.0409,0.00079815,-0.033402093,-0.058795806,-0.053424008,0.003201718
2/29/2004,-0.0151,0.0014,0.000864897,0.009999498,0.014096599,0.011759001,0.006444704
1/31/2004,0.0139,0.005,0.00062272,0.012367509,0.022991014,0.017840006,0.005399585
12/31/2003,0.0184,0.0578,0.000694732,0.005165197,0.0187401,0.018670991,0.004883309
11/30/2003,0.0524,0.0277,0.000818571,0.0108523,0.013930795,0.013898001,-0.001084014
10/31/2003,0.0088,0.043,0.00071843,-0.001443506,0.002668594,0.005181005,-0.00270276
9/30/2003,0.0566,0.0894,0.000704691,-0.013557398,-0.028270495,-0.020257005,-1.08E-03
8/31/2003,-0.0106,0.0009,0.000849687,0.030746294,0.054645896,0.050318009,0.003250281
7/31/2003,0.0195,0.0473,0.000695491,-0.002744591,0.016630205,0.021875996,0.00380638
6/30/2003,0.0176,0.0738,0.000676394,-0.031899597,-0.098218501,-0.088129004,0.001088735
5/31/2003,0.0128,0.044,0.000982592,-0.003463102,-0.015389907,-0.014307994,0.001089824
4/30/2003,0.0527,0.1162,0.00089354,0.027271197,0.059190703,0.047074,-0.001632165
3/31/2003,0.0824,0.0928,0.000978271,0.001332197,0.010177505,0.022947999,-0.002171559
2/28/2003,0.0097,0.0111,0.001008494,-0.0007,-0.013519599,-0.007992999,0.006007517
1/31/2003,-0.015,-0.0288,0.00086929,0.017891011,0.032935602,0.026358003,0.007705031
12/31/2002,-0.0262,-0.0223,0.000971794,-0.008899802,-0.010616599,0.002076991,0.004422346
11/30/2002,-0.0588,-0.0429,0.001129933,0.027896288,0.050717189,0.036110007,-0.002206295
10/31/2002,0.0589,0.0836,0.001171682,-0.0169455,-0.012159899,0.010303001,0
9/30/2002,0.088,0.0257,0.001358101,-0.002410001,-0.029390102,-0.023971006,0.001657414
8/31/2002,-0.1087,-0.0674,0.001438197,0.0288267,0.041674501,0.032975999,0.001660265
7/31/2002,0.0066,-0.0057,0.001388141,0.016686099,0.046353697,0.045200001,0.003331493
6/30/2002,-0.0779,-0.1448,0.001546571,0.027167902,0.030300207,0.009358,0.001111732
5/31/2002,-0.0712,-0.0356,0.001295194,0.016872313,0.018732906,0.007292999,0.000556125
4/30/2002,-0.0074,-0.0273,0.001447883,0.011768503,0.001492001,0.011310008,0
3/31/2002,-0.0606,0.0243,0.001535707,0.023892092,0.040965092,0.025300991,0.005592858
2/28/2002,0.0376,0.0884,0.001338032,-0.024171498,-0.043610698,-0.029476997,0.005624314
1/31/2002,-0.0193,-0.0277,0.001293191,0.010777288,0.01148689,0.013041005,0.00395253
12/31/2001,-0.0146,0.011,0.001401301,0.003558315,0.013814919,0.017478991,0.002263731
11/30/2001,0.0088,0.0672,0.001463567,-0.0082314,-0.018323808,-0.008981997,-0.003945947
10/31/2001,0.0767,0.0674,0.001744445,-0.017089301,-0.047129195,-0.018801993,-0.001688193
9/30/2001,0.0191,0.0645,0.002243287,0.017989898,0.046393997,0.043731994,-0.003365025
8/31/2001,-0.0808,-0.1278,0.002773602,0.025343902,0.008084892,-0.015215,0.004506955
7/31/2001,-0.0626,-0.0295,0.003087865,0.009513102,0.020568199,0.015649996,0
6/30/2001,-0.0098,-0.0254,0.003022518,0.024701403,0.037551313,0.036084007,-0.002808947
5/31/2001,-0.0243,0.0359,0.002809833,0.006561589,0.008510588,0.005534998,0.001688193
4/30/2001,0.0067,0.096,0.003231007,-0.000694893,0.003744109,0.013225007,0.004522241
3/31/2001,0.0777,0.0731,0.003934,-0.0113703,-0.031299198,-0.012830999,0.003972821
2/28/2001,-0.0634,-0.048,0.00416156,0.007568299,-0.007417596,-0.002922002,0.00227532
1/31/2001,-0.0912,-0.0702,0.003753518,0.01053859,0.019106182,0.012735,0.003997676
12/31/2000,0.0355,0.138,0.0053838,0.009819105,0.000540199,0.035896002,0.006321806
11/30/2000,0.0049,0.0189,0.005043785,0.021351392,0.024253001,0.026976,-0.000574436
10/31/2000,-0.0788,-0.111,0.005073215,0.017391216,0.031857718,0.02626099,0.000574766
9/30/2000,-0.0042,-0.0706,0.005612995,0.007889692,0.018742183,0.004493998,0.001727069
8/31/2000,-0.0528,-0.0217,0.005082871,0.009584996,-0.015703784,0.00464901,0.005208296
7/31/2000,0.0621,0.0925,0.005045636,0.013380101,0.024046094,0.013511997,0
6/30/2000,-0.0156,-0.0322,0.004800503,0.007162897,0.017254892,0.017914006,0.002320192
5/31/2000,0.0247,0.1368,0.003984161,0.019129307,0.024395596,0.032595998,0.005247776
4/30/2000,-0.0205,-0.0808,0.005040337,0.005216193,-0.005448181,-0.016069007,0.001167546
3/31/2000,-0.0301,-0.1251,0.004594907,-0.004313386,-0.007569819,-0.011464003,0.000584061
2/29/2000,0.0978,-0.0751,0.004679998,0.020343997,0.036657803,0.016938,0.008245017
1/31/2000,-0.0189,0.2358,0.0043139,0.007816603,0.026379407,0.009209013,0.005924187
12/31/1999,-0.0502,0.0595,0.004126798,-0.00533361,0.022813012,-0.002106011,0.002970947
11/30/1999,0.0589,0.1137,0.004377313,-0.004835199,-0.015452018,-0.010185995,0
10/31/1999,0.0203,0.0971,0.003622145,-0.000829691,-0.0060788,-0.002370995,0.000594479
9/30/1999,0.0633,-0.0087,0.003886725,-0.000797097,-0.001170902,0.004734996,0.001786836
8/31/1999,-0.0274,-0.0221,0.003871182,0.009748888,0.008427508,0.009316995,0.004787566
7/31/1999,-0.0049,-0.0191,0.00388472,0.001531805,-0.005088495,-0.002632997,0.002399527
6/30/1999,-0.0312,0.0092,0.003806114,-0.000508403,-0.0078594,-0.011299995,0.003008378
5/31/1999,0.0555,0.0568,0.003953888,0.003206201,-0.0077601,-0.015998006,0
4/30/1999,-0.0236,0.0387,0.003402197,-0.0147489,-0.018468412,-0.017589994,0
3/31/1999,0.0387,0.0949,0.003711281,0.002051689,0.002084311,-0.00241701,0.007272638
2/28/1999,0.04,-0.0379,0.004258596,0.008633715,-0.000803712,0.000248999,0.003039577
1/31/1999,-0.0311,-0.0687,0.003548909,-0.026241703,-0.051967995,-0.040069991,0.001217289
12/31/1998,0.0418,0.0279,0.003539317,0.005504098,0.012122207,0.012250002,0.002440519
11/30/1998,0.0576,0.0252,0.003751173,0.003679205,-0.0032212,0.001040989,-0.000609812
10/31/1998,0.0606,0.0758,0.003063824,-0.009763914,0.009666687,0.026999998,0
9/30/1998,0.0813,0.0356,0.003242495,0.004097208,-0.021844589,-0.018999991,0.002444994
8/31/1998,0.0641,0.0369,0.004577413,0.032950398,0.039451992,0.04129999,0.001223994
7/31/1998,-0.1446,-0.201,0.004306369,0.0270738,0.046466706,0.008900006,0.001225494
6/30/1998,-0.0106,-0.0671,0.004002308,0.002652312,-0.003970298,-0.0056,0.001226997
5/31/1998,0.0406,-0.0206,0.004089288,0.007865192,0.022806088,0.011500006,0.001228505
4/30/1998,-0.0172,-0.0497,0.004036553,0.006990294,0.018242221,0.0167,0.001846214
3/31/1998,0.0101,0.0168,0.004302754,0.006107795,0.002612797,0.005300003,0.001849629
2/28/1998,0.0512,0.0481,0.00394574,0.002562815,0.002479396,0.00379999,0.001852946
1/31/1998,0.0721,0.0649,0.003907282,-0.003874016,-0.007183904,-0.000699996,0.001856385
12/31/1997,0.0111,-0.0059,0.004286707,0.018037314,0.020025712,0.013700002,0.001859949
11/30/1997,0.0172,-0.0171,0.004766665,0.010620301,0.018439686,0.016299992,-0.001238394
10/31/1997,0.0463,-0.0155,0.003919965,-0.000143899,0.014801497,0.010100001,-0.000618869
9/30/1997,-0.0334,-0.0386,0.004218075,0.015020494,0.034084697,0.01910001,0.002481396
8/31/1997,0.0548,0.0844,0.004440373,0.015109309,0.03159071,0.022599989,0.002487681
7/31/1997,-0.056,0.0509,0.004108238,-0.0097562,-0.031748694,-0.023999988,0.001869108
6/30/1997,0.0796,0.0605,0.004289379,0.026410382,0.062554796,0.052799999,0.001247776
5/31/1997,0.0448,0.0498,0.00369252,0.0103282,0.019676292,0.018699987,0.001249223
4/30/1997,0.0609,0.1022,0.004934192,0.007745212,0.009495789,0.012800014,-0.000624277
3/31/1997,0.0597,-0.0276,0.004307826,0.014802492,0.025523427,0.018399996,0.001250004
2/28/1997,-0.0411,-0.049,0.004291151,-0.01139679,-0.02520651,-0.022099997,0.002506273
1/31/1997,0.0078,-0.0206,0.003859078,0.000193909,0.00051361,0.002799993,0.003142743
12/31/1996,0.0625,0.042,0.00450365,0.002481397,-0.007925723,-0.002800005,0.003152651
11/30/1996,-0.0198,0.0204,0.004620706,-0.007830814,-0.025576592,-0.01859999,0
10/31/1996,0.0756,0.0288,0.004067872,0.014931998,0.035054408,0.026300002,0.001895085
9/30/1996,0.0276,-0.0175,0.004246018,0.01825702,0.040376406,0.036099985,0.00316852
8/31/1996,0.0563,0.0291,0.004374691,0.015545095,0.028979197,0.025900001,0.003178706
7/31/1996,0.0211,0.0476,0.004122117,-0.000482602,-0.013929705,-0.006999985,0.001910777
6/30/1996,-0.0442,-0.0943,0.004496769,0.002455189,0.001757401,0.00099999,0.001914435
5/31/1996,0.0038,-0.0582,0.003999525,0.011734808,0.020281297,0.017199992,0.000638629
4/30/1996,0.0258,0.0749,0.004232358,-0.003175408,-0.005443611,0.000500014,0.001919449
3/31/1996,0.0147,0.0848,0.004579346,-0.004994583,-0.016512188,-0.016,0.003853576
2/29/1996,0.0096,0.0228,0.003942688,-0.011835613,-0.02099529,-0.013000015,0.005164638
1/31/1996,0.0093,0.0369,0.00390842,-0.01376181,-0.048250309,-0.037299995,0.003238294
12/31/1995,0.034,0.0028,0.004277639,0.000612317,-0.00107709,0.001400009,0.005863151
11/30/1995,0.0193,0.0239,0.004882254,0.009483307,0.027187773,0.022799998,-0.000650985
10/31/1995,0.0439,0.0192,0.004200991,0.014861785,0.024924816,0.02419999,-0.000650562
9/30/1995,-0.0036,-0.0487,0.004714013,0.012064796,0.029407905,0.0185,0.003263659
8/31/1995,0.0422,0.0195,0.004308772,0.006386495,0.017482884,0.015299997,0.001962131
7/31/1995,0.0025,0.0358,0.004664189,0.008595698,0.023613707,0.02140002,0.002622959
6/30/1995,0.0332,0.0645,0.004522134,-0.001575085,-0.016770792,-0.010100011,0
5/31/1995,0.0232,0.0568,0.004714511,0.007939392,0.013883303,0.007900001,0.001971038
4/30/1995,0.04,0.0298,0.005355136,0.03685952,0.079028691,0.063099999,0.001975049
3/31/1995,0.0294,0.0352,0.00445005,0.014346875,0.016936191,0.01750001,0.003302461
2/28/1995,0.0295,0.0145,0.00461899,0.006268616,0.009146004,0.009499999,0.003313522
1/31/1995,0.039,0.0252,0.00398297,0.023423302,0.02866192,0.0289,0.003992029
12/31/1994,0.0259,0.0283,0.004155517,0.018185078,0.027289185,0.025599992,0.004008029
11/30/1994,0.0148,0.0002,0.004429934,0.0053353,0.016065596,0.015700012,0
10/31/1994,-0.0364,-0.0326,0.003690482,-0.007002595,0.006611616,0.001799986,0.001337797
9/30/1994,0.0225,0.0115,0.003840518,-0.002333197,-0.002450428,-0.004999996,0.000669286
8/31/1994,-0.0245,0.0105,0.003659116,-0.015820203,-0.033074093,-0.026500013,0.002684572
7/31/1994,0.041,0.0337,0.003687332,0.002569412,-0.008567505,-0.003099992,0.004043139
6/30/1994,0.0328,0.0184,0.002751234,0.016916604,0.036331219,0.030900012,0.002702711
5/31/1994,-0.0245,-0.0262,0.003118032,-0.002838893,-0.010047214,-0.008100006,0.00338978
4/30/1994,0.0164,-0.0012,0.00314997,-0.000202504,-0.008236285,-0.006200013,0.000678367
3/31/1994,0.0128,0.006,0.002711006,-0.010508501,-0.01503709,-0.009699977,0.0013587
2/28/1994,-0.0436,-0.0446,0.002694888,-0.025741794,-0.039497531,-0.038300012,0.003408265
1/31/1994,-0.0271,-0.0023,0.002119707,-0.025817411,-0.044957975,-0.028600008,0.003420044
12/31/1993,0.034,0.0618,0.002503155,0.013778196,0.025731672,0.020200015,0.002743493
11/30/1993,0.0121,0.0194,0.002263391,0.003247114,0.001970208,0.006699993,0
10/31/1993,-0.0095,-0.0175,0.002491083,-0.009278912,-0.025875594,-0.018800006,0.000686282
9/30/1993,0.0207,0.0471,0.002209735,0.001750712,0.009634707,0.00510001,0.004135092
8/31/1993,-0.0077,0.0316,0.002562034,0.00555839,0.000522597,0.004299998,0.002071892
7/31/1993,0.0379,0.0339,0.002504507,0.022268311,0.043380185,0.028699985,0.002770092
6/30/1993,-0.004,0.0166,0.00240179,0.000508584,0.019149599,0.010000001,0
5/31/1993,0.0029,-0.0038,0.002538054,0.020128397,0.044868218,0.029300006,0.001386967
4/30/1993,0.0268,0.0342,0.002168024,-0.00094419,0.00465731,0.002000009,0.001388893
3/31/1993,-0.0242,-0.0306,0.0023717,0.008844612,0.007188595,0.00520001,0.002785524
2/28/1993,0.0211,0.0289,0.002537543,0.004335672,0.002125806,0.002499988,0.003494008
1/31/1993,0.0136,-0.018,0.002209139,0.02427181,0.035388669,0.025599988,0.003506385
12/31/1992,0.0084,0.0543,0.00233493,0.027034313,0.028038028,0.025000025,0.004933131
11/30/1992,0.0123,0.0441,0.002822777,0.014609495,0.024606969,0.022799992,-0.000704291
10/31/1992,0.034,0.0885,0.002346045,-0.008418899,0.000997414,0.006899984,0.001410442
9/30/1992,0.0035,0.0259,0.002286089,-0.018173692,-0.0198099,-0.015599992,0.003538645
8/31/1992,0.0118,0.0131,0.002572706,0.01939998,0.01854529,0.009899988,0.002838902
7/31/1992,-0.0205,-0.0228,0.002604907,0.015004012,0.006688399,0.009,0.002846984
6/30/1992,0.0409,0.037,0.003076972,0.02423349,0.039777994,0.030800018,0.002139743
5/31/1992,-0.0149,-0.0519,0.003201441,0.017672203,0.020004414,0.01560001,0.003579174
4/30/1992,0.0049,-0.0014,0.002758334,0.022176682,0.024259311,0.025399995,0.001433696
3/31/1992,0.0294,-0.0403,0.003248854,0.009774214,0.001588715,0.0016,0.001435755
2/29/1992,-0.0194,-0.0249,0.00337597,-0.007943911,-0.009353296,-0.007300002,0.005050457
1/31/1992,0.013,0.0452,0.002827568,0.002189898,0.005106281,0.009600007,0.003620642
12/31/1991,-0.0186,0.1128,0.003391003,-0.019522697,-0.032409606,-0.01730001,0.001450331
11/30/1991,0.1144,0.0601,0.003792177,0.026542808,0.058081019,0.043599983,0.000725627
10/31/1991,-0.0403,-0.0276,0.003915374,0.012828092,0.008199405,0.010600004,0.002911218
9/30/1991,0.0134,0.0317,0.004246018,0.013405998,0.005438104,0.004300001,0.001457731
8/31/1991,-0.0167,0.0032,0.004558298,0.021567998,0.030344778,0.027100019,0.004392401
7/31/1991,0.0237,0.0261,0.004610103,0.024680331,0.034040914,0.027499978,0.002936867
6/30/1991,0.0466,0.0407,0.004884344,0.012942674,0.01574506,0.016700001,0.001470593
5/31/1991,-0.0458,-0.0485,0.004171007,-0.002265976,-0.006319974,-0.001799973,0.002949995
4/30/1991,0.0431,0.0334,0.004721012,0.005943992,4.90E-05,0.003899986,0.00295859
3/31/1991,0.0024,0.0034,0.005335019,0.011662009,0.014028987,0.013799989,0.001481487
2/28/1991,0.0242,0.068,0.004390967,0.002305967,0.003810034,0.010800014,0.001483685
1/31/1991,0.0715,0.1113,0.00476706,0.004791009,0.003039958,0.012100003,0.001485889
12/31/1990,0.0435,0.084100001,0.00517693,0.010654005,0.013035042,0.014999992,0.005979094
11/30/1990,0.0279,0.0194,0.005989009,0.016111984,0.018649972,0.01669999,0
10/31/1990,0.0646,0.045,0.005651015,0.019259044,0.040200992,0.028500011,0.002247132
9/30/1990,-0.0043,-0.057200001,0.006818037,0.017055968,0.021524009,0.013200004,0.006028657
8/31/1990,-0.0487,-0.0829,0.005983967,0.009406003,0.01168302,0.009099996,0.00835876
7/31/1990,-0.0904,-0.1296,0.006571999,-0.009170007,-0.041850022,-0.029199987,0.009202348
6/30/1990,-0.0032,-0.0382,0.006771032,0.017410016,0.010673008,0.010199999,0.003849059
5/31/1990,-0.0067,0.0144,0.006250972,0.015116982,0.023049028,0.021599972,0.005418045
4/30/1990,0.0975,0.0561,0.006771027,0.026149,0.041522956,0.038500013,0.002327324
3/31/1990,-0.0249,-0.0266,0.006872916,-0.007709965,-0.020199982,-0.019099992,0.001554007
2/28/1990,0.0264,0.0368,0.006441047,0.000225965,-0.004379969,-0.001100003,0.005468839
1/31/1990,0.013,0.0187,0.005678974,0.000674032,-0.002470029,-0.001200002,0.004709593
12/31/1989,-0.0671,-0.0764,0.005670027,-0.01045001,-0.034280021,-0.019099987,0.010309387
11/30/1989,0.024,-0.0134,0.006068994,0.001226995,-0.000629975,0.000600002,0.001588568
10/31/1989,0.0204,-0.0051,0.006866041,0.008397985,0.007809982,0.006999981,0.002388472
9/30/1989,-0.0232,-0.0604,0.006764989,0.023713001,0.037940009,0.027600016,0.004800017
8/31/1989,-0.0041,0,0.00654502,0.006898992,0.00193403,0.003999991,0.003210284
7/31/1989,0.0195,0.0122,0.007391999,-0.02457996,-0.025860037,-0.016300002,0.001607723
6/30/1989,0.0903,0.0407,0.006954998,0.023451965,0.023778011,0.017800009,0.002417342
5/31/1989,-0.0057,-0.0201,0.007093013,0.032376988,0.055017019,0.039499973,0.002423344
4/30/1989,0.0405,0.0362,0.007872975,0.021228005,0.040117994,0.037899995,0.005686381
3/31/1989,0.0521,0.0279,0.006747944,0.022016006,0.015896013,0.021300027,0.006541315
2/28/1989,0.0232,0.0358,0.006706042,0.004931025,0.012238004,0.006399993,0.005756526
1/31/1989,-0.0248,0.0083,0.006130993,-0.005060002,-0.017920015,-0.012900005,0.004128908
12/31/1988,0.0731,0.0404,0.00551398,0.01214399,0.020326961,0.020200015,0.004979122
11/30/1988,0.0174,0.0394,0.00634099,-0.000960017,0.010969062,0.003900001,0.001662516
10/31/1988,-0.0143,-0.0437,0.005662,-0.01147996,-0.019630053,-0.016899988,0.000832024
9/30/1988,0.0282,-0.0123,0.00610106,0.014832965,0.030752006,0.027299955,0.00333891
8/31/1988,0.0425,0.0227,0.006166921,0.019555018,0.03447801,0.032600014,0.006722713
7/31/1988,-0.034,-0.0246,0.005938094,-0.000890005,0.005782985,0.005400022,0.004219349
6/30/1988,-0.0038,-0.0025,0.005071976,-0.004679983,-0.016959951,-0.011100027,0.00423738
5/31/1988,0.0457,0.0612,0.004852991,0.018141954,0.036842007,0.037900035,0.004255258
4/30/1988,0.0087,-0.0179,0.005052961,-0.004919985,-0.010180012,-0.005700024,0.003415896
3/31/1988,0.0111,0.0209,0.004616036,-0.004389984,-0.015990055,-0.014899988,0.005150233
2/29/1988,-0.0309,0.0408,0.004406954,-0.008639985,-0.030669995,-0.018800021,0.004310283
1/31/1988,0.0466,0.076,0.004556048,0.012262968,0.005219055,0.013800025,0.002592844
12/31/1987,0.0421,0.0556,0.002942007,0.031558003,0.066645936,0.051699996,0.002599585
11/30/1987,0.0761,0.052,0.003914027,0.009299,0.01653403,0.021199991,-0.000289001
10/31/1987,-0.0824,-0.0397,0.003451989,0.008283031,0.003690987,0.012499996,0.00144803
9/30/1987,-0.2154,-0.2919,0.005972982,0.029901005,0.062282018,0.05069998,0.002612983
8/31/1987,-0.0219,-0.0081,0.004520973,-0.014050047,-0.036869984,-0.042199976,0.004961061
7/31/1987,0.0373,0.0287,0.00471105,-0.003769996,-0.016450051,-0.007500002,0.005575044
6/30/1987,0.0507,0.0364,0.004572959,0.002524999,-0.01782994,-0.0119,0.002057858
5/31/1987,0.0505,0.0266,0.004818995,0.012233008,0.009792957,0.015499984,0.004133043
4/30/1987,0.0087,-0.0039,0.00375995,-0.003770003,-0.010529988,-0.005200001,0.002961074
3/31/1987,-0.0089,-0.0313,0.004441022,-0.024399964,-0.047300011,-0.050199988,0.005359008
2/28/1987,0.0289,0.0233,0.004706019,-0.003120041,-0.022249981,-0.008699972,0.004486008
1/31/1987,0.0395,0.0809,0.004313981,0.005917016,0.020178972,0.005799955,0.003902994
12/31/1986,0.1347,0.0943,0.004151064,0.010665971,0.01607299,0.021600019,0.006039876
11/30/1986,-0.0255,-0.0262,0.004874004,0.000693999,-0.001749983,0.011699988,0.000908103
10/31/1986,0.0243,-0.0031,0.003904006,0.011267015,0.026711014,0.023299997,0.000907952
9/30/1986,0.0577,0.0346,0.004645005,0.016193004,0.028893968,0.018900043,0.00090894
8/31/1986,-0.0827,-0.0559,0.004499985,-0.010980013,-0.05001,-0.011400028,0.004900035
7/31/1986,0.0742,0.0218,0.004599979,0.026559035,0.049927037,0.027500033,0.001800116
6/30/1986,-0.0559,-0.071,0.005199932,0.015709971,-0.010799998,0.003099974,0.000299864
5/31/1986,0.0169,0.0026,0.005246041,0.027607998,0.061345003,0.021800027,0.004903135
4/30/1986,0.0532,0.036,0.004934054,-0.021469995,-0.050530012,-0.016400021,0.003073941
3/31/1986,-0.0113,0.0064,0.005207947,0.008145036,-0.007990026,0.001600018,-0.002147024
2/28/1986,0.0558,0.0477,0.005954067,0.033830989,0.076972051,0.025599961,-0.004580021
1/31/1986,0.0747,0.0719,0.005295886,0.027511002,0.114546938,0.075200028,-0.002740938
12/31/1985,0.0056,0.0112,0.005590031,0.008232982,-0.002529919,0.004500001,0.003053895
11/30/1985,0.0484,0.047,0.006503988,0.025688021,0.054075919,0.046899998,0.002450055
10/31/1985,0.0686,0.062,0.006082084,0.01951395,0.04013404,0.036999999,0.003379075
9/30/1985,0.0462,0.0261,0.00648797,0.016199043,0.033756018,0.032899979,0.003082016
8/31/1985,-0.0313,-0.0544,0.006049007,0.011252966,-0.002090067,0.007100007,0.003090878
7/31/1985,-0.0085,-0.0072,0.005502008,0.014814013,0.02589004,0.025999986,0.002168973
6/30/1985,-0.0015,0.025999999,0.006245945,-0.004519968,-0.017979999,-0.012099954,0.001551027
5/31/1985,0.0157,0.0106,0.005546064,0.010836962,0.014177012,0.008299958,0.00309997
4/30/1985,0.0578,0.0276,0.00663395,0.048464029,0.089571038,0.082000006,0.003749076
3/31/1985,-0.0009,-0.017400001,0.007162026,0.026389981,0.024231901,0.029599991,0.004078006
2/28/1985,0.0007,-0.0214,0.006160024,0.016641011,0.030685103,0.017900031,0.004411019
1/31/1985,0.0122,0.027200001,0.005780994,-0.017940013,-0.049290036,-0.037300048,0.004113011
12/31/1984,0.0779,0.1059,0.006474013,0.020609991,0.036400969,0.032500014,0.001902041
11/30/1984,0.0263,0.015,0.006425943,0.014336043,0.009062076,0.012800018,0.000633905
10/31/1984,-0.0112,-0.0336,0.007333962,0.01918596,0.011799991,0.021200014,0
9/30/1984,0.0039,-0.021699999,0.009957107,0.038328007,0.05608694,0.057199952,0.002543948
8/31/1984,0.0002,0.0027,0.008588992,0.020166025,0.034250071,0.031400021,0.004792138
7/31/1984,0.1104,0.099799999,0.008305988,0.010072952,0.026642969,0.030699995,4.17E-03
6/30/1984,-0.0124,-0.042,0.00818494,0.039255022,0.06929604,0.058599987,0.003219044
5/31/1984,0.0217,0.030000001,0.00753403,0.009855037,0.014971929,0.019900039,0.003228918
4/30/1984,-0.0554,-0.0521,0.007836954,-0.024980057,-0.051610036,-0.048300012,0.002915054
3/31/1984,0.0095,-0.008500001,0.008139037,-0.000319998,-0.010550005,-0.007300033,0.004881031
2/29/1984,0.0173,0.0174,0.007280005,-0.003469963,-0.015639949,-0.02349995,0.002283026
1/31/1984,-0.0352,-0.064499999,0.007137062,-0.006430038,-0.0178,-0.017199982,0.004586997
12/31/1983,-0.0056,-0.000800001,0.007588878,0.017740062,0.024356943,0.026999996,0.005601046
11/30/1983,-0.0052,-0.014506999,0.007269099,0.004704928,-0.005869901,-0.003300054,0.001319904
10/31/1983,0.0211,0.051558,0.007034889,0.010301016,0.018347006,0.014199984,0.001651984
9/30/1983,-0.0116,-0.056773,0.007611033,0.001860064,-0.013160099,-0.002499996,0.002651
8/31/1983,0.0138,0.013337,0.007606989,0.031461913,0.050465117,0.039200051,0.004994984
7/31/1983,0.015,-0.019668,0.007616109,0.008063072,0.001996947,0.005099981,0.003341115
6/30/1983,-0.0295,-0.008841,0.007402008,-0.01983007,-0.048640026,-0.045499952,0.004025948
5/31/1983,0.0389,0.034834,0.006660896,0.001638037,0.003904054,-0.004600054,0.003366039
4/30/1983,-0.0087,0.086967,0.006906958,-0.012230026,-0.038579984,-0.03239999,0.005414861
3/31/1983,0.0788,0.076678,0.00714007,0.025891066,0.034957009,0.054799989,0.007157035
2/28/1983,0.0369,0.052495,0.006326055,-0.004850043,-0.009390023,0.007199992,0.000682052
1/31/1983,0.0229,0.07123,0.006185908,0.025222972,0.049164911,0.04279998,0.000340959
12/31/1982,0.0372,0.062793999,0.006864017,0.000728073,-0.030899937,-0.009399995,0.002394082
11/30/1982,0.0193,0.0132,0.006738051,0.018478996,0.031179011,0.010800043,-0.004090019
10/31/1982,0.0404,0.077899999,0.006341944,0.008006992,-0.000200062,0.020099956,-0.001700091
9/30/1982,0.1151,0.1305,0.005901007,0.053096032,0.063434042,0.075900071,0.002728005
8/31/1982,0.0125,0.0327,0.005118074,0.032496989,0.061832945,0.062299983,0.001708007
7/31/1982,0.1214,0.0698,0.007622889,0.046875972,0.078084117,0.083700026,0.002052971
6/30/1982,-0.0178,-0.0015,0.010507098,0.046371933,0.050120861,0.053999918,0.005506149
5/31/1982,-0.015,-0.0159,0.009572882,-0.013499909,-0.022279844,-0.046799924,0.012190989
4/30/1982,-0.0341,-0.0248,0.010586011,0.014620009,0.003401949,0.024499976,0.009848959
3/31/1982,0.0452,0.0383,0.011291994,0.029856906,0.037339016,0.033799955,0.004239065
2/28/1982,-0.0052,-0.0086,0.009802094,0.004225091,0.023094003,0.030600083,-0.001059023
1/31/1982,-0.0559,-0.0296,0.009237907,0.014838978,0.018195847,0.03119989,0.00318586
12/31/1981,-0.0131,-0.0196,0.007958111,0.004975004,0.004580008,-0.012900016,0.003551994
11/30/1981,-0.0256,-0.022,0.008737988,-0.014160091,-0.071289933,-0.057999907,0.002850077
10/31/1981,0.0413,0.027600001,0.010675921,0.062382074,0.141003087,0.126699946,0.00285803
9/30/1981,0.054,0.0742,0.01205403,0.061106022,0.082900847,0.052100024,0.002147983
8/31/1981,-0.0493,-0.0733,0.012441001,0.016435032,-0.014489914,-0.019899968,0.010126985
7/31/1981,-0.0577,-0.0684,0.01280398,-0.017750029,-0.03858991,-0.034500083,0.007652974
6/30/1981,0.0021,-0.0316,0.012397986,-0.026970037,-0.035290009,-0.037199991,0.011425952
5/31/1981,-0.0063,0.0076,0.013474992,0.005956953,-0.017930032,0.002300107,0.008550006
4/30/1981,0.0026,0.042199999,0.011544061,0.024529097,0.062190936,0.059499895,0.008246144
3/31/1981,-0.0193,0.065700001,0.010756003,-0.021580048,-0.051749988,-0.076899981,0.006412957
2/28/1981,0.04,0.094299999,0.012077012,0.026335047,0.038422,0.031100007,0.007219045
1/31/1981,0.0175,0.009400001,0.010691032,-0.023530042,-0.043549943,-0.02690001,0.010364951
12/31/1980,-0.0418,0.020699998,0.010370031,0.003191063,-0.011520072,-0.012999947,0.008127054
11/30/1980,-0.0302,-0.033805999,0.01306795,0.017144958,0.035151921,0.024799921,0.008586906
10/31/1980,0.1065,0.076632,0.009569887,0.002931037,0.010016097,0.001700016,0.009058929
9/30/1980,0.0202,0.033338,0.009505022,-0.015230056,-0.026290032,-0.015899964,0.008741073
8/31/1980,0.0294,0.041845,0.007534029,-0.003769995,-0.026160003,-0.023699985,0.009221954
7/31/1980,0.0101,0.060447,0.006388118,-0.038729998,-0.043170017,-0.044500043,0.006457177
6/30/1980,0.0696,0.132311002,0.005280873,-0.010619972,-0.047600046,-0.042899974,0.000807881
5/31/1980,0.0316,0.045203998,0.006111967,-0.007680044,0.03585412,0.03409995,0.011024986
4/30/1980,0.0515,0.075027002,0.008095148,0.049021045,0.041874889,0.056000066,0.009897127
3/31/1980,0.0462,0.069354001,0.012556,0.119828883,0.152346965,0.137600022,0.011259013
2/29/1980,-0.0972,-0.177753001,0.012053887,0.014309015,-0.031459957,-0.006200085,0.014381915
1/31/1980,-0.0001,-0.028367999,0.008857925,-0.06409992,-0.046709883,-0.066500014,0.013721957
12/31/1979,0.0622,0.083585,0.007968212,-0.013469974,-0.07409004,-0.064499989,0.014354079
11/30/1979,0.0214,0.058842001,0.009511842,0.008701965,0.00570906,-0.010817969,0.010548961
10/31/1979,0.0475,0.085839999,0.009869984,0.036332002,0.031136996,0.022176987,0.009316905
9/30/1979,-0.064,-0.115445,0.008725166,-0.046840009,-0.084060101,-0.088972973,0.008952982
8/31/1979,0.0043,-0.034358001,0.00829085,0.000556059,-0.012180014,-0.017852957,0.010403063
7/31/1979,0.0577,0.075613001,0.007671028,-0.009080059,-0.003529952,0.000645992,0.010050101
6/30/1979,0.0134,0.017109,0.007658103,-0.001119998,-0.008509944,-0.003058052,0.012956997
5/31/1979,0.0435,0.047216,0.008104051,0.020483962,0.031120976,0.026882949,0.009340874
4/30/1979,-0.0217,0.003466999,0.00815981,0.019306052,0.026117019,0.022819109,0.012293022
3/31/1979,0.0063,0.038683999,0.007957973,0.003302954,-0.011220088,-0.005157043,0.011478006
2/28/1979,0.0596,0.111978001,0.008132002,0.011247033,0.012937072,0.010649952,0.009657116
1/31/1979,-0.0321,-0.028227001,0.007338066,-0.005890008,-0.013470039,-0.012806945,0.01172393
12/31/1978,0.0443,0.132136002,0.007716091,0.005470986,0.019112985,0.018396025,0.008870883
11/30/1978,0.0196,0.016778998,0.00782389,0.006339045,-0.013040035,-0.01330005,0.005451119
10/31/1978,0.0215,0.073159999,0.006999144,0.009154986,0.018861014,0.013400015,0.005480997
9/30/1978,-0.0872,-0.242716,0.006805803,-0.011200035,-0.019989891,-0.02049997,0.008036057
8/31/1978,-0.0032,-0.003178001,0.006188972,0.005731068,-0.010580105,-0.004800031,0.007080898
7/31/1978,0.0301,0.093865002,0.00555021,0.007862904,0.021772052,0.025699963,0.005084123
6/30/1978,0.0583,0.068397998,0.00559097,0.009848066,0.014279007,0.010100038,0.007167912
5/31/1978,-0.0138,-0.018916999,0.005368905,-0.002080011,-0.00622009,0.002300006,0.010347097
4/30/1978,0.0092,0.082011,0.005088084,-0.000200058,-0.005829926,-0.010799985,0.009926843
3/31/1978,0.0902,0.078779,0.005357073,0.002407088,-0.000479916,-0.002300003,0.008961914
2/28/1978,0.0294,0.103215999,0.005288027,0.003691927,-0.002070116,0.004199924,0.006899996
1/31/1978,-0.0203,0.034722002,0.004597925,0.00167902,0.000409981,0.005100069,0.006948225
12/31/1977,-0.0574,-0.018903002,0.004893835,0.001272936,-0.008029895,-0.008900023,0.00537284
11/30/1977,0.0075,0.008081001,0.004866968,-0.002329919,-0.016779974,-0.01049995,0.003776058
10/31/1977,0.0316,0.108613998,0.005001,0.007866935,0.009331886,0.006099957,0.004878074
9/30/1977,-0.039,-0.033034997,0.004927041,-0.005969912,-0.00930989,-0.003800049,0.00271708
8/31/1977,0.0016,0.009230998,0.004333201,0.001471944,-0.002850158,-0.002199901,0.003818732
7/31/1977,-0.0142,-0.010732002,0.004414826,0.000754989,0.019806039,0.013600003,0.003834256
6/30/1977,-0.0154,0.002985002,0.004170136,0.000105991,-0.007009947,-0.000500073,0.004399937
5/31/1977,0.0494,0.077223003,0.003985909,0.010247076,0.016425933,0.017500048,0.006644951
4/30/1977,-0.0196,-0.002788,0.003713908,0.005647006,0.01250801,0.010599981,0.005567892
3/31/1977,0.0042,0.022833,0.003754973,0.005144027,0.007076007,0.010000041,0.007856047
2/28/1977,-0.0105,0.013055001,0.003764022,0.005529912,0.009108974,0.009399895,0.006211077
1/31/1977,-0.0182,-0.003902001,0.003513985,0.004818949,-0.004919986,-0.002000002,0.010267854
12/31/1976,-0.0473,0.04496,0.003594098,-0.018979849,-0.038779906,-0.030299957,0.005737193
11/30/1976,0.0561,0.118038,0.004042995,0.002616965,0.032722986,0.034699996,0.002876849
10/31/1976,-0.0041,0.040356002,0.003963054,0.032121987,0.033856956,0.031899995,0.002885149
9/30/1976,-0.0186,-0.020894005,0.004084133,0.014725939,0.008385989,0.007000013,0.004055778
8/31/1976,0.0258,0.010446003,0.004367801,0.007554017,0.014502047,0.016699961,0.004072294
7/31/1976,-0.0018,-0.029037004,0.004208113,0.018879038,0.021148026,0.023100032,0.004675722
6/30/1976,-0.0048,0.004506999,0.004655945,0.011930987,0.007784858,0.014900043,0.005879172
5/31/1976,0.0443,0.045932005,0.004347872,0.015852971,0.020764984,0.014999954,0.005318859
4/30/1976,-0.0111,-0.036110003,0.003743993,-0.014520047,-0.015829879,-0.010300037,0.005945262
3/31/1976,-0.0078,-0.035856001,0.004194157,0.011611006,0.00184492,-0.001499971,0.004178947
2/29/1976,0.0337,-0.001472996,0.004016926,0.007536048,0.016559159,0.016700035,0.002393824
1/31/1976,-0.0084,0.138968,0.003373172,0.008360999,0.006151948,0.006099998,2.40E-03
12/31/1975,0.1217,0.268414994,0.004680914,0.005661038,0.009025052,0.018800042,0.002405017
11/30/1975,-0.0081,-0.019685996,0.004848989,0.019803967,0.039047924,0.044199917,0.004226895
10/31/1975,0.0282,0.031964,0.004098109,-0.000979922,-0.010880048,-0.008799954,0.006074965
9/30/1975,0.0653,-0.005009003,0.00555499,0.036632865,0.047490001,0.055299957,0.006112095
8/31/1975,-0.0312,-0.018151001,0.005266854,0.001002095,-0.00981003,-0.012599927,0.004913769
7/31/1975,-0.0176,-0.057357998,0.004804861,-0.000850031,-0.006799947,-0.017500042,0.003081023
6/30/1975,-0.0644,-0.025384995,0.004846076,-0.003009931,-0.008689954,-0.003000066,0.010585091
5/31/1975,0.0477,0.074950996,0.004089117,0.002728856,0.029193967,0.030400017,0.008161116
4/30/1975,0.0476,0.066327996,0.004355804,0.026017998,0.021213073,0.010599969,0.004413791
3/31/1975,0.051,0.053079005,0.004377181,-0.018589921,-0.018190057,-0.005199991,0.005070151
2/28/1975,0.0254,0.061819997,0.004134999,-0.005920014,-0.026710054,-0.024699951,0.003817043
1/31/1975,0.0638,0.028520998,0.004348123,0.01475399,0.013146946,0.013700061,0.007046997
12/31/1974,0.1272,0.276704008,0.00582378,0.005311983,0.022472086,0.059599873,0.004503991
11/30/1974,-0.0156,-0.078806996,0.006976105,0.018456066,0.017142933,-0.007500002,0.007128852
10/31/1974,-0.0489,-0.043773,0.005390072,0.023622039,0.029550083,0.011699999,0.00849717
9/30/1974,0.1681,0.106288987,0.005052973,0.010930905,0.048923076,0.088500159,0.00856999
8/31/1974,-0.1152,-0.065326,0.008069049,0.031882961,0.024728827,0.017399856,0.012008079
7/31/1974,-0.0864,-0.068106997,0.00595285,-0.001179932,-0.023230033,-0.026799848,0.012837836
6/30/1974,-0.0742,-0.021875997,0.007048004,0.000740926,-0.002899952,-0.021100089,0.00748797
5/31/1974,-0.0114,-0.014694995,0.006023915,-0.008719856,0.004464193,-0.028499982,0.00962201
4/30/1974,-0.0302,-0.079290001,0.007535126,0.013038919,0.012267002,0.010499988,0.011119068
3/31/1974,-0.0359,-0.046404007,0.007542911,-0.01519996,-0.025270215,-0.034099969,0.005590993
2/28/1974,-0.0205,-0.007437,0.005575151,-0.021190126,-0.029169811,-0.030700069,0.011306901
1/31/1974,-0.0007,-0.008517998,0.00581175,0.003540036,-0.002410182,0.000899985,0.012885224
12/31/1973,-0.0072,0.132626005,0.006264176,0.000889971,-0.008279814,-0.005299877,0.008663667
11/30/1973,0.0198,-0.001353004,0.006379866,0.004015092,-0.00821999,-0.008900035,0.006541131
10/31/1973,-0.1109,-0.196221002,0.00557709,0.006384997,-0.018260173,0.00779992,0.007321
9/30/1973,0.0017,0.008436001,0.006522143,0.005035948,0.021524986,-0.006599912,0.00811796
8/31/1973,0.0427,0.106354006,0.006820761,0.025016009,0.031791043,0.035599952,0.002961233
7/31/1973,-0.0341,-0.044540002,0.006997002,0.025414951,0.039145971,0.035599926,0.018085904
6/30/1973,0.0407,0.119385995,0.006393169,-0.027629943,-0.043319831,-0.047599985,0.002266013
5/31/1973,0.004,-0.029020998,0.005143791,-0.000609919,-0.002110159,-0.005599932,0.006843746
4/30/1973,-0.0163,-0.081109995,0.005077228,0.005701041,-0.010459874,-0.00389996,0.006121023
3/31/1973,-0.0383,-0.062129007,0.005210974,0.006369865,0.004550875,0.006100008,0.006934211
2/28/1973,0.0008,-0.020751997,0.00455814,0.004633941,0.008196966,0.004499936,0.009331051
1/31/1973,-0.0353,-0.079896,0.004149931,-0.007539995,0.001398018,0.002300005,0.007047821
12/31/1972,-0.0149,-0.043200995,0.00436999,-0.000629831,-0.032100031,-0.005400027,0.003142254
11/30/1972,0.0142,-0.021374006,0.003746092,0.019222974,-0.022930014,-0.000400028,0.003151735
10/31/1972,0.0481,0.059249006,0.003708933,0.004454988,0.022617192,0.024900126,0.002370252
9/30/1972,0.0119,-0.017491001,0.003976047,0.001560028,0.023437004,0.010099921,0.003169644
8/31/1972,-0.0025,-0.034874003,0.003412885,0.001409028,-0.0082601,0.003100014,0.003978137
7/31/1972,0.0369,0.01864,0.002858829,0.001507884,0.002854085,0.007200011,0.001593877
6/30/1972,0.0048,-0.041294002,0.003123293,0.001509944,0.021553047,0.003000069,0.003999986
5/31/1972,-0.0194,-0.030514997,0.002934799,0.004453132,-0.006460246,-0.006800001,0.00240637
4/30/1972,0.0197,-0.019109002,0.003013968,0.001617897,0.027037208,0.01629988,0.003217665
3/31/1972,0.0068,0.012890007,0.002879203,0.001410997,0.002712003,0.003500064,0.002419087
2/29/1972,0.0083,-0.014349004,0.00272684,0.001462043,-0.008179984,0.002400042,0.001616198
1/31/1972,0.0277,0.029590003,0.002480069,0.00141506,0.008804882,0.010699857,0.004870029
12/31/1971,0.0206,0.112984999,0.002880056,0.010550991,-0.0063501,-0.00329985,0.000811821
11/30/1971,0.0888,0.114435995,0.00368773,0.010985933,0.004421004,0.022299899,0.00407785
10/31/1971,0.0002,-0.037332,0.003724124,0.005212036,-0.004669862,0.002899984,0.001634244
9/30/1971,-0.0391,-0.055106997,0.003676079,0.021979085,0.016679934,0.028200037,0.001636919
8/31/1971,-0.0044,-0.022641998,0.003674095,0.002549808,0.02035396,-0.010200023,0.00081891
7/31/1971,0.0388,0.058315994,0.00467789,0.035008132,0.047086212,0.055400076,0.002463223
6/30/1971,-0.0387,-0.056296995,0.004019038,0.002650851,0.002961927,-0.002500137,0.002468862
5/31/1971,0.0033,-0.031948003,0.003734818,-0.018730001,-0.015869945,0.010700096,0.00579495
4/30/1971,-0.0391,-0.060497997,0.002933202,0.001054167,-0.000590133,-0.01609992,0.004992023
3/31/1971,0.0389,0.024660996,0.002759072,-0.032730116,-0.028309944,-0.023600004,0.003338978
2/28/1971,0.0394,0.056386,0.002978783,0.018620964,0.052618889,0.02579992,0.003350164
1/31/1971,0.0117,0.031677,0.003316977,0.022371074,-0.016309827,-0.036600087,0.001677667
12/31/1970,0.0432,0.159212004,0.003823175,0.016841091,0.050562931,0.053199998,0.000839989
11/30/1970,0.0598,0.072610001,0.004233063,0.005411861,-0.008389892,0.037200147,0.005063187
10/31/1970,0.0506,0.013709997,0.004553934,0.04508716,0.079121891,0.058399909,0.003387042
9/30/1970,-0.0083,-0.070621002,0.004599953,0.009461961,-0.010859918,-0.009599872,0.005105818
8/31/1970,0.0362,0.108591004,0.005368006,0.019627098,0.022786777,0.013900008,0.005133407
7/31/1970,0.0478,0.094869995,0.005339114,0.011632755,-0.001919822,0.009999814,0.001713608
6/30/1970,0.0769,0.055352001,0.005231911,0.015168143,0.031945957,0.055600072,0.003439001
5/31/1970,-0.0466,-0.092874002,0.005810777,0.006092068,0.048637823,0.000100111,0.005186183
4/30/1970,-0.0578,-0.103135996,0.005269086,0.011040032,-0.046839942,-0.016299995,0.004339798
3/31/1970,-0.0875,-0.172777999,0.00504294,-0.0207202,-0.041319928,-0.025000151,0.006114273
2/28/1970,0.0044,-0.028454002,0.005705345,0.008749184,-0.006780098,-0.004499929,0.005267672
1/31/1970,0.0557,0.038720002,0.006179694,0.043892894,0.058697224,0.040100036,0.005296043
12/31/1969,-0.0736,-0.060829997,0.006044188,0.003045992,-0.002139999,0.014099869,0.003543046
11/30/1969,-0.0158,-0.068748003,0.006435067,-0.019259902,-0.006830252,-0.013399826,0.006239136
10/31/1969,-0.0314,-0.055728,0.005155617,-0.004740216,-0.024339958,-0.047100058,0.005376238
9/30/1969,0.0458,0.06098,0.005964094,0.033269154,0.036523979,0.012699973,0.003596728
8/31/1969,-0.0223,-0.026085999,0.006214291,-0.029999972,-0.053109942,-0.024399923,0.004517189
7/31/1969,0.0429,0.073207,0.005048659,-0.001830144,-0.006879963,-0.002000054,0.004536708
6/30/1969,-0.0575,-0.106966002,0.005315336,0.008248215,0.007925973,0.00049998,0.004558367
5/31/1969,-0.0531,-0.116471998,0.00511866,-0.008390096,0.021436928,0.003500038,0.006421809
4/30/1969,0.0003,0.017348998,0.004833022,-0.008159916,-0.049019875,-0.022700118,0.002760082
3/31/1969,0.024,0.039467,0.005331294,0.007853022,0.042657,0.033499986,0.006480769
2/28/1969,0.0371,0.039560002,0.004640924,0.009719968,0.001029914,-0.019999851,0.008402936
1/31/1969,-0.0449,-0.098987,0.004608799,-0.001320091,0.004166973,-0.015999961,0.003749424
12/31/1968,-0.0057,-0.016594002,0.005267194,0.008635854,-0.020559994,0.013899931,0.002819745
11/30/1968,-0.0393,0.006219,0.004276142,-0.017319762,-0.036269819,-0.023299988,0.002828226
10/31/1968,0.0504,0.076410001,0.00424484,-0.001280187,-0.026890047,-0.022600138,0.003783882
9/30/1968,0.0097,0.003040999,0.004364151,0.000912081,-0.013230138,-0.015999932,0.005708735
8/31/1968,0.0411,0.059942001,0.004256815,0.005528931,-0.010229982,-0.005300001,0.002863309
7/31/1968,0.014,0.036703002,0.004220801,0.002099145,-0.000289834,0.020599926,0.002871016
6/30/1968,-0.0159,-0.034548003,0.004771117,0.0176378,0.028915873,0.034100096,0.004807687
5/31/1968,0.0116,0.003014002,0.004251116,0.016675255,0.023000961,0.012199973,0.00580312
4/30/1968,0.0151,0.099866997,0.004459845,0.006362973,0.004283084,0.003200121,0.002910003
3/31/1968,0.0832,0.146057997,0.004292364,-0.001590009,0.022675986,0.004799799,0.002917972
2/29/1968,0.0057,-0.010906,0.003802835,-0.002610065,-0.02116012,-0.019699907,0.004888109
1/31/1968,-0.0224,-0.070907998,0.003873935,0.003999915,-0.003320004,0.003699968,0.002940859
12/31/1967,-0.0413,0.015410999,0.004041851,0.014535186,0.032783264,0.036100123,0.003937112
11/30/1967,0.0289,0.096542998,0.003333204,0.000686927,0.019213799,0.01269987,0.002962244
10/31/1967,0.0037,0.011666008,0.003550795,0.002782875,-0.019649847,-0.027200026,0.002969978
9/30/1967,-0.0265,-0.031086006,0.003938929,-0.004879913,-0.039990053,-0.028099882,0.002978825
8/31/1967,0.0354,0.056463998,0.003204414,0.000685948,-0.000450069,0.009399973,0.001989835
7/31/1967,-0.0091,0.002045005,0.003111978,-0.003559866,-0.008429939,-0.000700065,0.002994225
6/30/1967,0.048,0.095076999,0.00314989,0.013308981,0.006824984,0.004100158,0.005015044
5/31/1967,0.0202,0.101719,0.002659134,-0.022670012,-0.031200086,-0.022300072,0.003017783
4/30/1967,-0.0499,-0.008473002,0.003333842,0.004358795,-0.003879849,-0.025400086,0.003026917
3/31/1967,0.0449,0.027052999,0.003247693,-0.008879867,-0.029120166,-0.007099841,0.002022025
2/28/1967,0.0422,0.061474001,0.003898339,0.01833587,0.019797024,0.011699985,0.002026122
1/31/1967,0.0047,0.044950007,0.003568734,-0.001309966,-0.022079824,-0.020099991,0.001014088
12/31/1966,0.0812,0.183832985,0.004313269,0.011834028,0.015414991,0.044999941,0
11/30/1966,0.0015,0.006531006,0.004018804,0.0222542,0.041310826,0.020099997,0.001015118
10/31/1966,0.0061,0.049128003,0.003975329,0.002750005,-0.014849869,-0.001999997,0
9/30/1966,0.0507,-0.010728002,0.004532948,0.007483992,0.022811877,0.026099938,0.004077026
8/31/1966,-0.0039,-0.016357999,0.004002967,0.021625798,0.03322494,0.00780003,0.002042677
7/31/1966,-0.0749,-0.107963001,0.00410197,-0.01246004,-0.020620005,-0.025899976,0.005132904
6/30/1966,-0.0106,-0.001242,0.003542791,-0.002499744,-0.00369,-0.009800119,0.003090366
5/31/1966,-0.0134,-0.001200006,0.003757361,-0.002380135,-0.001570033,0.00300009,0.003098833
4/30/1966,-0.0515,-0.096117996,0.004125845,0.001070831,-0.005939756,-0.002600015,0.001034012
3/31/1966,0.0232,0.034330006,0.00341968,-0.001849804,-0.006269968,0.001299913,0.004153788
2/28/1966,-0.0193,-0.019192002,0.003846467,0.018720868,0.029640835,-0.005899798,0.003125217
1/31/1966,-0.0154,0.031118001,0.003473628,-0.008349777,-0.024999949,-0.011300153,0.006289181
12/31/1965,0.0074,0.075560004,0.003788059,0.00024988,-0.010380168,0.002200146,0
11/30/1965,0.0114,0.062183986,0.003312915,-0.014859983,-0.007759749,-0.014900134,0.003154793
10/31/1965,-0.0063,0.037086002,0.003497912,0.000670875,-0.006220049,-0.005699993,0.00210725
9/30/1965,0.0299,0.057223008,0.003147205,2.70669E-05,0.00270996,0.004600082,0.001054736
8/31/1965,0.0346,0.03471899,0.003128244,-0.000490005,-0.003380126,-0.001500048,0.002113932
7/31/1965,0.0251,0.059508,0.003299747,0.001923892,-0.001289823,-0.000599961,-0.002110038
6/30/1965,0.0161,0.044852009,0.003099792,0.001737165,0.002197917,0.00189992,0.001055849
5/31/1965,-0.0462,-0.090063002,0.003533156,0.004876069,0.004734041,0.0003001,0.005308412
4/30/1965,-0.0053,-0.007807999,0.003113132,0.003514926,0.001777022,-0.000799987,0.002127997
3/31/1965,0.0368,0.050868993,0.003052831,0.002585098,0.003649024,0.002099965,0.00320193
2/28/1965,-0.0121,0.02379101,0.003589203,0.004297792,0.005365051,0.001199934,0.001067685
1/31/1965,0.0009,0.038986987,0.002981125,0.001792146,0.001395788,0.000900109,0
12/31/1964,0.0357,0.052917017,0.002827604,0.004213942,0.003998177,0.008099897,0
11/30/1964,0.0064,-0.011191001,0.003117438,0.005823918,0.002999897,0.008799965,0.001069976
10/31/1964,-0.0027,0.001081984,0.002897803,-0.000370049,0.001692874,-0.000399838,0.002144541
9/30/1964,0.0106,0.020527011,0.002929226,0.003245053,0.004316046,0.004999808,0.001072845
8/31/1964,0.0312,0.040245002,0.002801744,0.004509184,0.004952968,0.002100029,0.002150882
7/31/1964,-0.0138,-0.002896994,0.002836791,0.002713803,0.001992168,0.003699963,-0.001073997
6/30/1964,0.0207,0.039828994,0.002971289,0.002741244,0.000758018,0.005199981,0.002153198
5/31/1964,0.0189,0.016257997,0.003047631,0.003585891,0.006899903,0.004800056,0.002157844
4/30/1964,0.0139,0.015678007,0.002555293,0.008050824,0.005019985,0.005700148,0
3/31/1964,0.0086,0.009333983,0.002930225,0.00329701,0.00467511,0.003999834,0.001079797
2/29/1964,0.0177,0.021869006,0.003126022,0.001644275,0.003688878,-0.006199907,0.001080964
1/31/1964,0.0124,0.036482997,0.00262682,0.001163708,-0.001089811,0.00539992,-0.001079797
12/31/1963,0.0295,0.027425018,0.002956998,0.003324073,-0.001360185,0.008700008,0.001080964
11/30/1963,0.027,-0.004762015,0.002923157,0.000282165,-0.000619797,-0.003399846,0.002167196
10/31/1963,-0.008,-0.010639988,0.002706832,0.003953887,0.005078818,0.001499841,0.001085065
9/30/1963,0.0349,0.02363398,0.002917666,0.001063923,-0.002580061,0.004900092,0.00108566
8/31/1963,-0.0085,-0.016289998,0.002734051,0.001374164,0.000439956,-0.002300069,0
7/31/1963,0.0514,0.051720998,0.00247718,0.001891824,0.002146138,0.00350003,0
6/30/1963,-0.0008,0.003285017,0.002679989,0.000347091,0.003097073,0.002800065,0.004362168
5/31/1963,-0.0176,-0.011840997,0.002262254,0.001375861,0.00193204,0.004299844,0.004380689
4/30/1963,0.017,0.043631995,0.002423967,0.001381041,0.002255934,0.004800149,0
3/31/1963,0.0513,0.03117001,0.002535535,0.003045239,-0.001180184,-0.005099993,0
2/28/1963,0.0382,0.014873977,0.002291376,0.002738818,0.00086512,0.002599943,0.001096373
1/31/1963,-0.0261,0.003422013,0.00227177,0.001716973,0.000753017,0.002300028,0.001097576
12/31/1962,0.052,0.090632984,0.002504964,-0.002869777,-9.99454E-05,0.00589991,0.001099373
11/30/1962,0.0163,-0.008914982,0.002311304,0.005577702,0.003493797,0.002300143,-0.001098166
10/31/1962,0.1047,0.124791003,0.00199665,0.006005258,0.002115237,0.006200006,0
9/30/1962,0.0076,-0.037326001,0.002550282,0.005066988,0.008375776,0.006799973,-0.001095785
8/31/1962,-0.0453,-0.065879013,0.002064024,0.002112739,0.006081208,0.008900001,0.00551268
7/31/1962,0.0183,0.028919018,0.002343728,0.012467312,0.018711022,0.014299931,0
6/30/1962,0.0667,0.076286995,0.002662477,-0.001220015,-0.010889977,-0.00149998,0.002210302
5/31/1962,-0.079,-0.078473993,0.00195762,-0.002760061,-0.007550134,-0.002600088,0
4/30/1962,-0.0834,-0.100877012,0.002401,0.004883895,0.004575103,0,0
3/31/1962,-0.0595,-0.077735996,0.00224787,0.002451174,0.008201976,0.014200035,0.002214602
2/28/1962,-0.0034,0.005673989,0.002038376,0.008917854,0.025329916,0.015100003,0.002220115
1/31/1962,0.0187,0.018745001,0.002015749,0.015499083,0.01030098,0.005199938,0.002225055
12/31/1961,-0.0355,0.013639998,0.002411394,-0.004540007,-0.001409938,0.008000069,0
11/30/1961,0.0056,0.007936011,0.0018639,0.001755763,-0.012450081,-0.002600088,0
10/31/1961,0.0418,0.061309007,0.001544705,-0.001879776,-0.002019998,0.00280002,0
9/30/1961,0.0308,0.026166991,0.001858344,0.001360895,0.007111056,0.012700072,0
8/31/1961,-0.0173,-0.033868004,0.001676946,0.007872976,0.01291392,0.014399984,0.002230017
7/31/1961,0.0221,0.013033014,0.001414096,0.001893007,-0.003770057,-0.001799999,-0.001114065
6/30/1961,0.0352,0.003129983,0.001823417,0.00065394,0.003461985,0.004000149,0.004474398
5/31/1961,-0.0263,-0.054333994,0.002008146,-0.002539957,-0.007469737,-0.008000072,0.001119702
4/30/1961,0.0216,0.042714997,0.001780402,-0.002769935,-0.004590116,0.0048999,0
3/31/1961,0.0063,0.012698008,0.001745522,0.005361911,0.011512034,-0.011599857,0
2/28/1961,0.0281,0.061896996,0.002038373,0.003650182,-0.003750169,-0.002900121,0
1/31/1961,0.0295,0.058922012,0.001432654,0.009028013,0.020006236,0.021000001,0
12/31/1960,0.0659,0.091498003,0.001873896,-0.005939933,-0.010699999,0.014800081,0
11/30/1960,0.0492,0.033219979,0.001553594,0.021037928,0.027900985,0.010399991,0
10/31/1960,0.0433,0.043703994,0.001318817,-0.009360194,-0.006600031,-0.006999989,0.001120957
9/30/1960,0.0006,-0.040075988,0.002155855,0.001634078,-0.002810207,0.000800008,0.004504022
8/31/1960,-0.0575,-0.073826992,0.001578116,0.002855924,0.007524066,-0.006299994,0.001127275
7/31/1960,0.029,0.052473999,0.001657104,-0.000449805,-0.006729807,0.011700014,0
6/30/1960,-0.0219,-0.018936994,0.001329631,0.026701779,0.036754998,0.02569984,0
5/31/1960,0.0224,0.034005994,0.002387325,0.02168105,0.017255809,0.014100118,0.002259644
4/30/1960,0.0298,0.020449973,0.002736854,0.003143922,0.015174021,-0.002099943,0
3/31/1960,-0.0146,-0.018688997,0.001944181,-0.006419785,-0.016980011,-0.002200034,0.005682432
2/29/1960,-0.011,-0.031495994,0.003468671,0.029169906,0.028206014,0.019099808,0
1/31/1960,0.0121,0.004966004,0.002863122,0.007180172,0.020388173,0.01280022,0.001137535
12/31/1959,-0.0688,-0.030642988,0.003318284,0.015410031,0.011182729,0.010699927,-0.001135633
11/30/1959,0.0302,0.032240999,0.00335104,-0.00196022,-0.015889662,-0.009600078,0
10/31/1959,0.0159,0.022228,0.002553715,-0.009189846,-0.011870299,0.013499955,0
9/30/1959,0.0139,0.022676993,0.003015019,0.017367939,0.015037077,0.016500213,0.003421003
8/31/1959,-0.0431,-0.043097004,0.003085164,0.001955854,-0.005650103,-0.008800158,0.003432129
7/31/1959,-0.0125,-0.008782014,0.001860506,-0.007809839,-0.004119999,-0.006799864,-0.001143349
6/30/1959,0.0375,0.032712033,0.002523468,0.003362131,0.005993153,0.008899812,0.002291322
5/31/1959,-0.001,-0.004209029,0.002449745,-0.007670314,0.001048953,0.004400068,0.0046025
4/30/1959,0.0215,0.001363027,0.002188842,-9.9753E-05,-0.000549956,-0.011400077,0.00115195
3/31/1959,0.0415,0.011670998,0.001991266,-0.005209945,-0.011680126,-0.017199812,0.001153279
2/28/1959,0.0032,0.002703981,0.002177202,-0.003720106,0.001664286,-0.008300093,0
1/31/1959,0.0025,0.029500994,0.001881866,0.010739867,0.011739951,0.012600126,-0.00115195
12/31/1958,0.0065,0.057461021,0.002051223,-0.001339896,-0.00803004,-0.00280001,0.001152659
11/30/1958,0.0548,0.031287982,0.002238539,-0.006120231,-0.018060191,-0.005799995,-0.00115195
10/31/1958,0.0252,0.049613003,0.001089439,0.013218113,0.012037132,0.010499871,0.001153278
9/30/1958,0.0283,0.040705029,0.001840037,0.000243942,0.013849865,0.010699976,0
8/31/1958,0.0514,0.051798974,0.001903839,-0.001659939,-0.011699802,-0.00960004,0
7/31/1958,0.0149,0.042839022,0.000448043,-0.035609927,-0.043550013,-0.03199994,-0.00115195
6/30/1958,0.0463,0.049151,0.000669463,-0.009049916,-0.027810088,-0.015299929,0.001152658
5/31/1958,0.0294,0.032427978,0.000297175,-0.006759909,-0.015969866,-0.003799994,0.00115523
4/30/1958,0.0183,0.038744992,0.00109287,0.00602265,8.5978E-05,0.003099859,0
3/31/1958,0.0353,0.037602019,0.000812331,0.005188129,0.018635921,0.016300217,0.002315187
2/28/1958,0.0345,0.047101988,0.000943738,0.005284053,0.010211958,-0.004600126,0.00699288
1/31/1958,-0.0171,-0.017000983,0.001207154,0.013858072,0.010046112,-0.000799972,0.001166735
12/31/1957,0.0464,0.110500959,0.002767332,0.003383086,-0.008440197,0.009900106,0.005869176
11/30/1957,-0.0379,-0.048094948,0.002390484,0.021549727,0.030661126,0.068499758,0
10/31/1957,0.0197,0.011339999,0.002767203,0.039583122,0.053284969,0.031100048,0.003533824
9/30/1957,-0.0285,-0.083211043,0.00289711,0.004280887,-0.005019925,0.002299999,0
8/31/1957,-0.0587,-0.045188005,0.002567629,0.00024797,0.007603964,0.009500146,0.001179119
7/31/1957,-0.0531,-0.038583959,0.002520112,0.010921934,0.000174963,-0.000900103,0.001181146
6/30/1957,0.0145,-0.006039042,0.002955183,-0.001499718,-0.00408998,-0.010999908,0.004745091
5/31/1957,0.0018,0.00731903,0.002409786,-0.010610227,-0.018040162,-0.032199951,0.005966593
4/30/1957,0.0401,0.007540006,0.002556173,-0.001699935,-0.002279836,-0.007500266,0.002392089
3/31/1957,0.0402,0.024836997,0.002517847,-0.010119759,-0.022149988,-0.006599863,0.003601055
2/28/1957,0.023,0.016741014,0.002311258,0.001772773,-0.002400127,0.004999994,0.002407128
1/31/1957,-0.0295,-0.020007018,0.002389157,-0.001250094,0.002502092,0.009299989,0.003622801
12/31/1956,-0.0387,0.023608011,0.00266608,0.023739155,0.034574846,0.019699873,0.00120906
11/30/1956,0.0384,0.003808005,0.002374378,0.001139992,-0.017859661,-0.008199736,0.002423982
10/31/1956,-0.0079,0.005312964,0.002045207,-0.004720014,-0.005740294,-0.012600155,0
9/30/1956,0.0084,0.010446013,0.002477355,-0.001909955,-0.005439886,-0.010500082,0.00609822
8/31/1956,-0.0421,-0.026045988,0.001837977,0.009165764,0.004956075,0.001200083,0.001220871
7/31/1956,-0.0351,-0.013426026,0.001660913,-0.010279774,-0.018650036,-0.020799886,-0.001220036
6/30/1956,0.0547,0.028293027,0.002158211,-0.009480036,-0.02085997,-0.009300087,0.007370874
5/31/1956,0.0426,0.005572996,0.001983774,0.000292154,0.002723008,-0.001800022,0.006180469
4/30/1956,-0.0628,-0.039774031,0.002302176,0.011196052,0.022539816,0.005200035,0.004969078
3/31/1956,0.001,0.004677044,0.001850605,-0.000110302,-0.011290037,-0.011499926,0.001243647
2/29/1956,0.0726,0.043056976,0.001516231,-0.010029872,-0.014889844,-0.014600052,0.001245196
1/31/1956,0.0378,0.027781014,0.001906646,0.000311967,-0.00022013,0.002600063,0
12/31/1955,-0.0331,-0.004730006,0.002206106,0.010526193,0.008311097,0.010399834,-0.001244314
11/30/1955,0.002,0.016262978,0.001807997,-0.001090063,0.003661922,0.006300037,-0.002481122
10/31/1955,0.0782,0.046840011,0.001698056,-0.0053402,-0.004499797,-0.003000065,0.001242102
9/30/1955,-0.0274,-0.016966989,0.001817988,0.007234964,0.014413,0.007800013,0
8/31/1955,0.0145,0.010932981,0.001617391,0.008198312,0.007294822,0.007600226,0.003740915
7/31/1955,-0.0047,-0.002780988,0.00158282,0.000673733,0.000409981,-0.003800202,-0.002487961
6/30/1955,0.0643,0.00638002,0.000999908,-0.007059879,-0.010229929,-0.004099816,0.003744912
5/31/1955,0.0858,0.029337008,0.001020626,-0.003640083,-0.007610039,0.002899861,0
4/30/1955,0.0021,0.007783959,0.001387318,0.000139091,0.007291228,-0.001800007,0
3/31/1955,0.041,0.015016037,0.001042121,0.000442948,8.27537E-05,-0.000100102,0
2/28/1955,-0.0013,0.008463985,0.00099118,0.002443003,0.008734124,0.009200029,0
1/31/1955,0.0073,0.047940984,0.000852086,-0.005230069,-0.007830105,-0.006299897,0
12/31/1954,0.0215,0.020114994,0.000807312,-0.003169799,-0.024109874,-0.009700002,0
11/30/1954,0.0545,0.111247043,0.000829263,0.000461705,0.006414093,0.001700022,-0.00249039
10/31/1954,0.0847,0.077918013,0.000638133,-7.97843E-05,-0.002490191,0.002500057,0.001246748
9/30/1954,-0.0155,0.006815984,0.000695894,-0.000890131,0.000628121,0.004000009,-0.002487959
8/31/1954,0.0872,0.040964968,0.000869337,-0.002029805,-0.000969917,0.003999862,-0.00248112
7/31/1954,-0.0299,0.001442022,0.000498904,0.001090048,-0.003600192,0.001800174,-0.001239023
6/30/1954,0.0611,0.080779002,0.000506519,-0.000540169,0.013443107,0.003999889,0
5/31/1954,0.005,0.008582957,0.00059006,0.01247691,0.016263091,0.006299998,0.001241227
4/30/1954,0.0373,0.045141083,0.000510024,-0.007339703,-0.00870004,-0.004199989,0.003735585
3/31/1954,0.0536,0.014023992,0.000888172,0.004325959,0.010376884,-0.003399948,-0.002483538
2/28/1954,0.0346,0.01830093,0.00078034,0.002679817,0.005830146,0.003899936,-0.001241227
1/31/1954,0.0076,0.009434023,0.000707753,0.010030928,0.023963843,0.019800084,-0.001239024
12/31/1953,0.0562,0.075635004,0.001090892,0.006475955,0.008930056,0.012400021,0.002484204
11/30/1953,0.0069,-0.026555018,0.001278902,0.010345126,0.020608002,0.01719973,-0.001241226
10/31/1953,0.0136,0.012612979,0.000770007,0.001373996,-0.004940192,-0.007299879,-0.003707881
9/30/1953,0.0564,0.029154092,0.001251808,0.003801081,0.00743806,0.022699943,0.002478046
8/31/1953,0.0061,-0.02623403,0.001620995,0.019401065,0.029931073,0.025300233,0.00124056
7/31/1953,-0.0532,-0.062817967,0.001666131,-0.000810076,-0.000749967,-0.008500181,0.002488631
6/30/1953,0.0305,0.015193956,0.001458313,0.005551163,0.003934894,0.01769993,0.002493497
5/31/1953,-0.0116,-0.048620028,0.001836696,0.015544905,0.022258077,0.010900032,0.003754962
4/30/1953,-0.0033,0.014149018,0.001720891,-0.011660006,-0.014750028,-0.00300008,0.00250914
3/31/1953,-0.0167,-0.028742978,0.001620258,-0.009610063,-0.010510004,-0.024799709,0.001256146
2/28/1953,-0.0193,-0.006692967,0.001840975,-0.001659926,-0.008809818,-0.003300281,0.002518619
1/31/1953,-0.0137,0.026890908,0.001402216,0.000263809,-0.008680301,-0.003999949,-0.005012661
12/31/1952,-0.0027,0.040902997,0.001619867,-0.000229844,0.001177152,-0.007999849,-0.00249973
11/30/1952,0.0399,0.016008005,0.001648183,0.001946887,-0.00857997,-0.009099958,-0.001248305
10/31/1952,0.0516,0.048454096,0.001048846,-0.000559973,-0.001540057,0.010799836,0
9/30/1952,0.0037,-0.010303032,0.001392847,0.00664717,0.01477299,0.003899907,0.001249865
8/31/1952,-0.0148,-0.01608206,0.00163522,0.001851634,-0.012999814,-0.001800001,-0.001247635
7/31/1952,-0.0096,-0.000553987,0.001466954,-0.002359654,-0.006990119,0.00630003,0.001249866
6/30/1952,0.0227,0.011230054,0.001510191,-0.00343999,-0.001960064,0.00160006,0.00755722
5/31/1952,0.0513,0.02716699,0.001485807,-0.003519956,0.000301177,0.001600104,0.002524982
4/30/1952,0.0279,0.003177035,0.001305683,0.001928011,-0.00335013,0.003100012,0.001263407
3/31/1952,-0.0379,-0.05191,0.001166113,0.005385613,0.017070081,-0.000399923,0.003807378
2/29/1952,0.0527,0.017539971,0.001077278,0.00665711,0.011071781,0.007599715,0
1/31/1952,-0.0316,-0.029950023,0.001151898,-0.002020026,0.001395202,-0.008499931,-0.006305169
12/31/1951,0.0208,0.019107991,0.001547171,0.003771123,0.002817978,0.019900063,0
11/30/1951,0.044,0.004351065,0.001230982,-0.001579877,-0.006089885,0.005799978,0.003797058
10/31/1951,0.0025,-0.008316096,0.001075775,0.003248912,-0.013600292,-0.006099988,0.005089192
9/30/1951,-0.0087,-0.022227932,0.001559308,0.001614058,0.001021101,-0.014499815,0.005114535
8/31/1951,0.0046,0.021505978,0.001211871,-0.005690046,-0.007949965,-0.005700255,0.006434999
7/31/1951,0.0449,0.060457032,0.001333681,0.003554921,0.009853832,0.011400261,0
6/30/1951,0.0747,0.037302023,0.001347822,0.005773885,0.013836221,0.020499714,0.001289213
5/31/1951,-0.02,-0.052866104,0.001161694,0.004991213,-0.00615988,-0.009299927,-0.001286863
4/30/1951,-0.0348,-0.03305195,0.001245891,-0.00404016,-0.006910117,-0.001499988,0.003876246
3/31/1951,0.0542,0.036674972,0.001284661,0.005746243,-0.006249877,-0.000900082,0.001293522
2/28/1951,-0.0125,-0.047725988,0.001068982,-0.012680014,-0.015730009,-0.023699917,0.003896383
1/31/1951,0.0123,0.006079039,0.001049152,0.000654739,-0.007390086,-0.004400012,0.011826687
12/31/1950,0.0675,0.083044999,0.001257146,0.002187237,0.005780866,0.001900069,0.016021073
11/30/1950,0.0524,0.095309996,0.001104524,0.000832921,0.00162301,0.002299996,0.013531798
10/31/1950,0.0052,0.032243934,0.001057415,0.001810707,0.003502964,0.005400048,0.004076379
9/30/1950,0.0104,-0.005876889,0.001163106,9.14218E-05,-0.004769922,-0.000800102,0.005463892
8/31/1950,0.0619,0.05211887,0.001019145,-0.000390304,-0.007239886,-0.003899908,0.00687832
7/31/1950,0.0387,0.052982001,0.00096467,-0.000730106,0.001395791,0.003799811,0.008321628
6/30/1950,0.0148,0.059137008,0.000983602,0.002027074,0.005549169,0.006900104,0.009804379
5/31/1950,-0.0527,-0.077687972,0.000969685,0.000279099,-0.00250005,0.002300135,0.005633958
4/30/1950,0.0448,0.02548598,0.0010365,0.001986942,0.003310992,-0.00080007,0.004242827
3/31/1950,0.0509,0.041135117,0.000857826,0.000773146,0.002998145,-0.000800064,0.001415517
2/28/1950,0.0097,-0.003715063,0.000952042,3.97892E-05,0.000820653,0.002200089,0.00426773
1/31/1950,0.0157,0.022086052,0.000851518,0.000774228,0.002117282,0.00069994,-0.002837334
12/31/1949,0.0231,0.049156973,0.000930938,-0.000500215,-0.006120149,0.003700095,-0.004236832
11/30/1949,0.0496,0.068968965,0.000894783,0.00124893,0.005189143,-0.014500174,-0.005618126
10/31/1949,0.0071,0.001585934,0.000837248,0.000190229,0.002102851,0.002099996,0.001405562
9/30/1949,0.0357,0.04722613,0.000891601,0.000560129,0.001876958,0.006699993,-0.005593801
8/31/1949,0.0289,0.048925928,0.000863967,0.000770998,-0.001140022,0.002100054,0.004213026
7/31/1949,0.0175,0.025645017,0.000911348,0.003052919,0.011111098,0.003699948,0.002817353
6/30/1949,0.0693,0.06708195,0.000864711,0.002045825,0.003345011,0.009900141,-0.006993002
5/31/1949,0.0033,-0.00962098,0.000957315,0.004993043,0.016705077,0.008399956,0.001401162
4/30/1949,-0.0318,-0.056411997,0.001013723,0.002258119,0.001946042,0.00379991,-0.001399201
3/31/1949,-0.0153,-0.033617912,0.000924292,0.001457179,0.001147731,0.002300043,0.001401162
2/28/1949,0.0358,0.062863974,0.0009728,0.002490611,0.007448284,0.000699991,0.002808686
1/31/1949,-0.0344,-0.04811809,0.000883918,0.001109397,0.004887012,0.003800165,-0.011110664
12/31/1948,0.0071,0.01822209,0.000955511,0.002819724,0.0081719,0.003799759,-0.001387558
11/30/1948,0.036,0.008753027,0.000442975,0.003224842,0.005616802,0.013100053,-0.006887048
10/31/1948,-0.1035,-0.111648107,0.000390638,0.002053044,0.007578013,0.008499979,-0.006839941
9/30/1948,0.0725,0.064711078,0.00039318,0.001274015,0.000743086,0.002400221,-0.004086754
8/31/1948,-0.0254,-0.052578006,0.000359084,0.000998314,0.001397089,0.002399885,0
7/31/1948,0.0125,0.000611001,0.000859834,-0.000430195,0.000138965,0.005500104,0.004104262
6/30/1948,-0.0498,-0.057820009,0.000816672,-0.000230192,-0.002120138,-0.005200146,0.012464773
5/31/1948,0.008,0.004781022,0.000906018,-0.000839915,-0.008399778,-0.008299891,0.006974252
4/30/1948,0.0827,0.105921908,0.000761315,0.005335989,0.014120059,0.000799888,0.007021715
3/31/1948,0.0314,0.036752111,0.000817104,0.001914316,0.0044689,0.003799984,0.014245008
2/29/1948,0.0815,0.098570997,0.000885847,0.001761718,0.003421128,0.011499986,-0.002841364
1/31/1948,-0.0423,-0.078267015,0.000723124,0.001811974,0.004643766,0.003900144,-0.008450547
12/31/1947,-0.0349,-0.015351954,0.000726053,0.001463012,0.002025002,0.002399982,0.011395538
11/30/1947,0.0257,0.035946007,0.00078517,0.002088107,-0.019190013,0.002399888,0.012987154
10/31/1947,-0.024,-0.030253139,0.000625961,0.000591216,-0.017409978,-0.00980009,0.00580645
9/30/1947,0.0263,0.028242157,0.000644834,-0.002310364,-0.003740117,-0.0098999,0
8/31/1947,-0.0097,0.011510874,0.000647663,2.8291E-05,-0.004349702,-0.01309981,0.023773978
7/31/1947,-0.0246,-0.00369699,0.000276498,0.00259866,0.008131715,-0.007100211,0.010510996
6/30/1947,0.0408,0.078917094,0.000299898,0.000576131,0.006251319,0.002000204,0.009090746
5/31/1947,0.0613,0.055159969,0.00030401,0.000781082,0.001017806,0.000399935,0.007633588
4/30/1947,-0.0086,-0.053368036,0.00028157,0.000775055,0.003342025,0.002000021,-0.003043814
3/31/1947,-0.0348,-0.103109931,0.000292114,-0.001300173,-0.00366984,0.002000026,0
2/28/1947,-0.0125,-0.033598119,0.00029542,0.002397903,0.0019809,0.006699912,0.021773117
1/31/1947,-0.0105,-0.004083897,0.000270539,0.000590339,0.002101009,0.000500003,-0.001552629
12/31/1946,0.027,0.042066867,0.00029881,0.00226778,-0.000619997,0.000499918,0
11/30/1946,0.0469,0.037262125,0.000302928,0.00317007,0.014474821,0.011299924,0.007824731
10/31/1946,-0.0079,-0.014111052,0.00028851,-0.000829999,-0.005409942,-0.002499853,0.024037597
9/30/1946,-0.0036,-0.011806952,0.000299882,0.002561855,0.00737805,0.00199988,0.019608376
8/31/1946,-0.0979,-0.160266059,0.000295132,-0.001079973,-0.000940141,-0.002599816,0.011569893
7/31/1946,-0.0697,-0.084858032,0.000289572,0.000379233,-0.01114991,-0.008800011,0.021958903
6/30/1946,-0.0224,-0.052952893,0.000321132,-0.000980076,-0.003989749,-0.00120019,0.059034362
5/31/1946,-0.0362,-0.046244111,0.000271988,0.003293157,0.00700268,0.001899997,0.010849711
4/30/1946,0.0254,0.059114994,0.000299518,0.000588701,-0.0012297,0.001900246,0.005454936
3/31/1946,0.0407,0.069609031,0.000296377,-0.001970103,-0.013530184,-0.00430026,0.005483868
2/28/1946,0.0496,0.027330117,0.000288384,-0.003819906,0.001014151,0.003400051,0.007366677
1/31/1946,-0.0664,-0.063670106,0.000271494,0.004803922,0.003181887,0.003400155,-0.003670312
12/31/1945,0.073,0.156174964,0.000300673,0.003922008,0.002522813,0.012799965,0
11/30/1945,0.0131,0.017057088,0.000304807,0.002129346,0.019429023,0.013299783,0.003682841
10/31/1945,0.0357,0.117241031,0.000240184,0.001007675,0.012544972,0.003200192,0.00369745
9/30/1945,0.0337,0.070066935,0.000310638,0.001577369,0.010428323,0.003199991,0
8/31/1945,0.0455,0.067907057,0.000279167,0.001692691,0.005422851,0.003200106,-0.003682844
7/31/1945,0.0617,0.055656868,0.000298676,0.001638319,0.002588796,0.000399955,0
6/30/1945,-0.0164,-0.055629005,0.000303625,-3.00245E-05,-0.008589886,-0.001100149,0.001844819
5/31/1945,0.0003,0.085509092,0.000239719,0.001891723,0.016879048,0.003200046,0.009310981
4/30/1945,0.0151,0.049982046,0.000299738,0.001186219,0.005626915,-0.001100008,0.007504889
3/31/1945,0.092,0.115723881,0.000286048,0.001438937,0.016025162,0.0018001,0.001879496
2/28/1945,-0.0424,-0.086106916,0.000248024,0.000434107,0.002051772,0.001799831,0
1/31/1945,0.0656,0.100907053,0.000223758,0.003777615,0.007666242,0.004600123,-0.00187597
12/31/1944,0.0184,0.048229815,0.000256252,0.005234237,0.012658953,0.00759999,0
11/30/1944,0.0392,0.086940024,0.000240091,0.001009169,0.00421917,0.014900133,0.003766071
10/31/1944,0.0081,0.049931066,0.000291277,0.000857028,0.002366873,0.004799897,0
9/30/1944,0.0042,-0.010801909,0.000302727,0.001064792,0.00119595,0.001899872,0
8/31/1944,0.001,-0.001982946,0.000237044,0.001140953,0.001406128,0.00190021,0
7/31/1944,0.0129,0.031845864,0.000298017,0.002399081,0.002691896,0.003399973,0.003781327
6/30/1944,-0.0167,-0.029853076,0.000293231,0.002863945,0.003629961,0.003399818,0.005702805
5/31/1944,0.0553,0.138444003,0.000287628,0.000677039,0.000779926,0.002000247,0.00190558
4/30/1944,0.0448,0.073951093,0.000252754,0.000477876,0.002779082,0.000499853,0.00382368
3/31/1944,-0.0081,-0.053247107,0.000277212,0.002768204,0.001337002,0.003400024,0.005768605
2/29/1944,0.0213,0.074921313,0.000244754,0.001949948,0.002084015,0.004799828,0
1/31/1944,0.0018,0.029492,0.000282238,0.001550992,0.003200202,0.003400114,-0.001919178
12/31/1943,0.0198,0.064055958,0.000292898,0.001050744,0.002105956,0.001999953,-0.001915502
11/30/1943,0.0636,0.124086731,0.000297054,0.002065255,0.001799864,0.004899894,0.001919178
10/31/1943,-0.0712,-0.111271844,0.000295514,0.001454754,-4.99055E-05,-0.002299783,-0.001916529
9/30/1943,-0.009,0.012303874,0.000282568,0.001718052,0.000493855,-0.000899932,0.003846769
8/31/1943,0.0279,0.042781134,0.000284277,0.001412009,0.001090118,0.000499963,0.003860584
7/31/1943,0.0146,-0.000246919,0.000294954,0.000229013,0.00206909,0.00189981,-0.003845737
6/30/1943,-0.0502,-0.108299314,0.000290964,0.002080034,-8.01344E-05,0.001900051,-0.0076348
5/31/1943,0.0239,-0.008304754,0.000303282,0.003345057,0.00183187,0.004800193,-0.001904553
4/30/1943,0.0491,0.115592835,0.000249536,0.005691991,0.005040111,0.004799807,0.007677735
3/31/1943,0.0052,0.093301369,0.000292026,0.002353268,0.004821186,0.004900025,0.011650253
2/28/1943,0.0572,0.144461532,0.00031823,0.002143595,0.000925846,0.002000074,0.01577949
1/31/1943,0.0554,0.193106539,0.000262813,0.001336098,-0.000550225,0.000599963,0.001976069
12/31/1942,0.0767,0.213194489,0.000294731,0.003926901,0.003273321,0.004900119,0
11/30/1942,0.0569,0.041335346,0.000280931,2.5183E-05,0.004904794,0.004899911,0.00796725
10/31/1942,-0.0086,-0.051071222,0.000289181,0.001662264,-0.003500091,0.000600066,0.00601244
9/30/1942,0.07,0.108687927,0.000317056,0.0017265,0.002427236,0.000600042,0.010120335
8/31/1942,0.0326,0.091242991,0.00028118,-0.002309546,0.00032869,0.002000025,0.002028172
7/31/1942,0.0131,0.032511664,0.000287802,0.001726001,0.003752177,0.003499716,0.006121765
6/30/1942,0.0376,0.073651245,0.00025189,2.47388E-05,0.001762224,0.002000181,0.004099006
5/31/1942,0.0251,0.033579319,0.000249499,0.001251904,0.000293712,0.003399963,0.002052054
4/30/1942,0.0711,-0.003166921,0.000254472,0.001596063,0.007522249,0.00200008,0.010373391
3/31/1942,-0.0368,-0.035264776,6.79183E-05,0.00222589,-0.002920087,0.000599994,0.006263467
2/28/1942,-0.0542,-0.070933226,0.000108026,0.002330247,0.009164818,0.006299974,0.012684699
1/31/1942,-0.0253,-0.007284537,0.000111312,0.001542894,0.001136003,-0.000800203,0.008528973
12/31/1941,0.0204,0.189408557,0.00017764,0.007419138,0.006931026,0.00060012,0.012958665
11/30/1941,-0.0391,-0.120415666,7.94122E-05,-0.001609896,-0.017739705,0.000600088,0.002165423
10/31/1941,-0.0361,-0.049476885,4.91234E-05,-0.009170199,-0.002940213,-0.009399885,0.008733824
9/30/1941,-0.0621,-0.067195559,4.0119E-05,0.002277123,0.01400798,0.003399632,0.011037483
8/31/1941,-0.0042,-0.046925419,8.59767E-05,2.38937E-05,-0.001160218,0.004800138,0.017977946
7/31/1941,-0.0028,-0.006028923,6.63293E-05,0.001077938,0.001803454,0.003400015,0.009070507
6/30/1941,0.0609,0.216529602,0.000288329,2.49601E-05,0.002154741,0.006299892,0.00455653
5/31/1941,0.0601,0.075306108,4.17767E-05,0.005606197,0.006577059,0.006300126,0.018560673
4/30/1941,0.0088,0.004450108,4.34169E-05,0.001176902,0.002736067,0.004900035,0.007008563
3/31/1941,-0.0587,-0.066949565,-6.71687E-05,0.003347117,0.012933125,0.0077999,0.009434177
2/28/1941,0.0095,0.031946035,0.000113872,0.006863943,0.009577647,-0.002200109,0.004738806
1/31/1941,-0.0094,-0.028848486,-7.45438E-05,-0.004649968,0.002020161,0.000600023,0
12/31/1940,-0.0423,0.002484143,-6.9624E-05,7.26528E-05,-0.020059842,0.00059998,0
11/30/1940,0.0018,-0.044696394,9.01025E-06,0.002770038,0.006685577,-0.002299864,0.004762654
10/31/1940,-0.037,0.024478557,1.72017E-05,0.005562398,0.020466227,0.006300208,0
9/30/1940,0.0442,0.054455841,1.7202E-05,0.00364702,0.003118073,0.004899945,0
8/31/1940,0.016,0.021265148,1.72023E-05,0.004748919,0.011030117,0.00919992,0.002386369
7/31/1940,0.0312,0.025501533,-6.14329E-05,0.004255713,0.002795936,0.00070006,-0.002380688
6/30/1940,0.0358,0.023141829,0.000117965,0.000287166,0.005189918,0.002100061,-0.002375033
5/31/1940,0.0833,0.105051793,4.09618E-05,0.018666892,0.025804011,0.012099896,0.002380688
4/30/1940,-0.2352,-0.367372776,-0.000153174,-0.021349894,-0.029909896,-0.002100218,0.002387653
3/31/1940,-0.0008,0.065435574,9.01029E-06,0.000219852,-0.003500239,-0.009199858,0
2/29/1940,0.0147,0.06318336,0,0.008754222,0.01767318,0.004900053,-0.002380691
1/31/1940,0.0106,0.082075682,1.63826E-05,0.003546896,0.002686173,0.002100047,0.007193448
12/31/1939,-0.0311,0.000935933,1.80212E-05,-0.001429956,-0.001690328,0.004899801,-0.00239208
11/30/1939,0.028,0.04221269,2.12982E-05,0.010775028,0.014458894,0.007800079,-0.004761381
10/31/1939,-0.0451,-0.105305233,2.04795E-05,0.007386172,0.016173985,0.007900237,0
9/30/1939,-0.0105,-0.039684849,2.21183E-05,0.031533627,0.04097624,0.023699723,-0.004740084
8/31/1939,0.1685,0.514473576,9.91328E-05,-0.026250092,-0.054479798,0.015099909,0.019324135
7/31/1939,-0.0672,-0.158994846,-5.73463E-05,-0.014649743,-0.020070376,-0.039199993,0
6/30/1939,0.1133,0.253508865,1.22886E-05,0.003955947,0.011329111,-0.000699669,0
5/31/1939,-0.0602,-0.104217839,0.000118804,0.000162915,-0.002699983,0.003499987,0
4/30/1939,0.0663,0.108750489,6.30931E-05,0.009469344,0.017056266,0.004899705,0
3/31/1939,-0.0017,0.014166157,-3.76906E-05,0.00384767,0.011771511,0.006400092,-0.002409374
2/28/1939,-0.1324,-0.246601511,-9.33984E-05,0.008067856,0.012510338,0.002200226,-0.00240487
1/31/1939,0.0363,0.010662444,9.01294E-05,0.008234286,0.00798689,0.006399866,-0.00478416
12/31/1938,-0.0654,-0.084847707,-5.40747E-05,0.002878255,0.005890253,0.002200107,-0.004762654
11/30/1938,0.0409,0.048652339,1.80252E-05,0.005184941,0.008026939,0.012199959,0.002387653
10/31/1938,-0.0293,-0.068851385,-0.000619847,-0.000120155,-0.002190458,0.003699773,-0.002380691
9/30/1938,0.0786,0.213552208,0.00010482,0.009344715,0.008681373,0.008000263,-0.004740084
8/31/1938,0.0202,-0.015718418,0.00018183,-0.001299603,0.002246915,0.01089995,0
7/31/1938,-0.0229,-0.100125948,4.34118E-05,0.001468799,0,-0.001900239,-0.002363805
6/30/1938,0.0766,0.149904167,-5.40571E-05,0.001046788,0.004326973,0.00660029,0.002370681
5/31/1938,0.2539,0.349763569,1.31049E-05,0.007499001,0.00044799,0.009500032,0
4/30/1938,-0.0377,-0.084948876,1.72005E-05,0.002296009,0.004423053,0.000999924,-0.004717728
3/31/1938,0.1479,0.277630559,0.000122876,0.02302747,0.020974016,0.013800031,0.004738812
2/28/1938,-0.2451,-0.360004871,-7.12629E-05,-0.001250457,-0.003660126,-0.008700314,0
1/31/1938,0.0673,0.034261713,4.833E-05,0.005176931,0.005175805,0.00100041,-0.00938989
12/31/1937,0.0205,0.053431863,3.35864E-05,0.008465522,0.005741384,0.003799717,-0.013888595
11/30/1937,-0.045,-0.169362772,3.93222E-05,0.006186907,0.008241847,0.006700078,-0.002309214
10/31/1937,-0.0964,-0.145276025,0.000206484,0.004165706,0.00955922,0.006700214,-0.006881203
9/30/1937,-0.0967,-0.109294656,0.000167182,0.003212101,0.004234871,0.006699579,-0.004565706
8/31/1937,-0.1381,-0.25385317,0.000367279,0.00811417,0.004483208,0.002500215,0.009216812
7/31/1937,-0.0511,-0.073618947,0.000246827,-0.004309967,-0.010430265,-0.00169983,0.002309214
6/30/1937,0.1063,0.123514794,0.00031909,0.005859138,0.013821075,0.003900008,0.004639857
5/31/1937,-0.0484,-0.118280955,0.000324938,-0.001250093,-0.001769956,0.005299621,0.002326575
4/30/1937,-0.0065,-0.040817072,0.000633867,0.007987732,0.005268752,0.004000133,0.004672381
3/31/1937,-0.079,-0.167921124,0.000344969,0.004660094,0.003888975,0.006800231,0.004695581
2/28/1937,-0.0063,0.011962956,0.000141293,-0.016419983,-0.041149697,-0.011399993,0.007091415
1/31/1937,0.0184,0.065750206,0.000170895,0.000672055,0.008638043,-0.004600129,0.002370681
12/31/1936,0.0417,0.126650229,0.000113395,-0.003140062,-0.001290084,0.002400115,0.007159115
11/30/1936,-0.0024,0.016036669,2.79387E-05,-0.005710031,0.003829894,0.000999707,0
10/31/1936,0.0072,0.140033233,8.30013E-05,0.008107257,0.020525064,0.010899983,0
9/30/1936,0.0793,0.063539003,0.000196448,0.002499926,0.000569911,0.002499982,-0.002380691
8/31/1936,0.0048,0.054162103,0.000109332,0.000993586,-0.003109844,0.006700184,0.002387656
7/31/1936,0.0111,0.021042735,0.000171015,0.005026268,0.011093646,0.006699884,0.007212047
6/30/1936,0.0722,0.087251018,0.0001291,0.002228278,0.005998484,0.001099877,0.004830392
5/31/1936,0.0338,-0.023121201,0.000305986,0.001175592,0.002129795,0.008200239,0.009756347
4/30/1936,0.0491,0.027215496,0.000160422,0.003785972,0.004048682,0.003999819,0
3/31/1936,-0.0745,-0.179454441,0.000167031,0.00244822,0.003527526,0.002600249,0
2/29/1936,0.028,0.006579496,0.000171998,0.003111102,0.010631927,0.008199687,-0.004853844
1/31/1936,0.0196,0.060207835,0.000120989,0.006902888,0.008111793,0.005400063,-0.004831689
12/31/1935,0.0687,0.300915106,0.000129236,-0.000350252,0.00552475,0.008200067,0
11/30/1935,0.041,0.059847779,0.000129253,0.012010157,0.007023567,0.008300178,0.002421043
10/31/1935,0.0415,0.141193483,0.000238805,0.001371261,0.000962489,0.006899657,0.004865646
9/30/1935,0.0795,0.099354983,0.000125182,0.010911022,0.006075987,0.00420039,0
8/31/1935,0.0265,0.035654059,0.000125198,-0.005650247,0.000864196,0,0.004890756
7/31/1935,0.0249,0.054461171,0.000128509,-0.007140281,-0.013330226,-0.004200163,0
6/30/1935,0.0807,0.085509097,0.00013347,0.003750123,0.004578956,0.011100166,-0.004865652
5/31/1935,0.077,0.03047962,0.000120302,0.011305121,0.009203443,0.011199873,-0.002426922
4/30/1935,0.0359,-0.002418065,0.000129382,-0.003459721,-0.005660238,0.004199842,-0.004831689
3/31/1935,0.1006,0.079110587,0.000129399,0.010683514,0.007872206,0.011200044,0.009756347
2/28/1935,-0.0281,-0.118850024,0.000124469,0.012492185,0.004149002,0.004299857,-0.002432826
1/31/1935,-0.0367,-0.059222471,0.000172309,0.010514165,0.009170759,0.014100221,0.007352138
12/31/1934,-0.0378,-0.03279526,0.00012863,0.011436576,0.018175273,0.021099977,0.014925074
11/30/1934,-0.0019,0.017226621,0.000120399,0.012476061,0.011241081,0.010099876,-0.002481118
10/31/1934,0.0881,0.094801126,8.24716E-05,0.004646092,0.003723586,0.012900309,-0.002474978
9/30/1934,-0.0298,0.009678058,0.000116299,0.018975442,0.018233982,0.010199614,-0.00737021
8/31/1934,-0.0006,-0.016675157,5.77402E-05,-0.013810244,-0.014579489,-0.006099823,0.01496231
7/31/1934,0.0573,0.154603294,6.51682E-05,-0.009189807,-0.01183054,0.004699823,0.002499728
6/30/1934,-0.1128,-0.225903469,6.51724E-05,-0.00237016,0.003997372,0.004700121,0
5/31/1934,0.0241,-0.002435177,6.27015E-05,0.009069048,0.006711162,0.015799849,0.002505992
4/30/1934,-0.0789,-0.127534698,6.51808E-05,0.011960822,0.013110745,0.009000505,0.002513641
3/31/1934,-0.0243,0.023959263,6.27095E-05,0.018194732,0.012563261,0.010400057,-0.002505996
2/28/1934,0.0029,-0.001176469,0.000210451,0.018940528,0.01969258,0.018699544,0
1/31/1934,-0.0345,0.01660101,0.000247651,0.005247766,0.008121959,0.014600323,0.007576302
12/31/1933,0.1092,0.389089287,0.000471584,0.012960658,0.025714946,0.025700078,0.005075596
11/30/1933,0.0247,0.005502298,0.000200732,-0.025319429,-0.011259711,0.02569994,-0.005051313
10/31/1933,0.1072,0.065407315,0.000180939,0.002654554,-0.014930097,-0.024799972,0
9/30/1933,-0.0871,-0.123590338,8.51066E-05,-0.002459648,-0.009099869,0.0039998,0
8/31/1933,-0.1112,-0.1594658,0.000151232,0.002580893,0.002307216,-0.001399801,0
7/31/1933,0.1182,0.092426415,0.00025377,0.007265115,0.004416475,0.009299625,0.010204347
6/30/1933,-0.0866,-0.055041192,0.000190984,-0.000580496,-0.001689937,0.016100092,0.028871077
5/31/1933,0.135,0.261670424,0.000235685,0.000763251,0.004979291,0.018999778,0.010610355
4/30/1933,0.1646,0.633926199,0.000430207,0.019894753,0.030256176,0.05879994,0.002659286
3/31/1933,0.4287,0.503757673,0.00097885,0.005691549,-0.003210604,-0.009499643,-0.002652233
2/28/1933,0.0387,0.111782192,0.000420039,0.009899565,0.009686295,0.004699839,-0.007895291
1/31/1933,-0.181,-0.127768503,-0.000265043,-0.0001094,-0.025839777,-0.052300023,-0.015543746
12/31/1932,0.0121,-0.008270037,0.000108514,-0.001550179,0.014836549,0.054700106,-0.015305836
11/30/1932,0.0573,-0.04919269,0.000107697,0.011753147,0.013100852,0.013899986,-0.01010127
10/31/1932,-0.0534,-0.122698257,0.000184776,0.003140573,0.003213154,0.007300234,-0.005025926
9/30/1932,-0.1361,-0.177513266,0.000179008,0.004527003,-0.001700098,0.007400014,-0.007480485
8/31/1932,-0.0321,-0.131992424,0.000309215,0.002722832,0.0057095,0.030099935,-0.004962244
7/31/1932,0.3828,0.734595115,0.000330879,0.012359272,0.000270538,0.043600136,-0.012256196
6/30/1932,0.3851,0.352261307,0.000249673,0.012022815,0.048120277,0.004299561,0
5/31/1932,-0.0005,0.003288531,0.00022069,0.010778996,0.006507627,-0.000900013,-0.007298479
4/30/1932,-0.2275,-0.119339654,0.000611834,-0.008999901,-0.018799987,0.010700589,-0.014388221
3/31/1932,-0.1975,-0.221967936,0.001145281,0.019366144,0.060377653,-0.017600069,-0.00714209
2/29/1932,-0.1132,-0.131091457,0.001627481,0.007783692,-0.001840369,0.035599978,-0.004740096
1/31/1932,0.0595,0.029048687,0.002301239,0.01280464,0.041335054,-0.02380016,-0.014018434
12/31/1931,-0.0231,0.101905605,0.002310738,-0.003180599,0.003381719,-0.005199814,-0.020595196
11/30/1931,-0.1309,-0.219505053,0.001249341,-0.01590955,-0.021969643,-0.028600198,-0.009069323
10/31/1931,-0.093,-0.100846312,0.001672488,0.004867988,0.00272366,-0.018899955,-0.011211956
9/30/1931,0.0908,0.076955007,0.001024336,-0.010520119,-0.033009698,-0.036300442,-0.006681983
8/31/1931,-0.2963,-0.324617687,0.000256149,-0.011330211,-0.028070047,-0.001399921,-0.004434109
7/31/1931,0.0147,-0.076271326,0.000346132,0.001662086,0.001241274,0.001200059,-0.00221215
6/30/1931,-0.0706,-0.055712359,0.000586751,0.001645067,-0.004229946,0.005200525,-0.00220845
5/31/1931,0.1446,0.181928832,0.000761338,-0.021430151,0.000380871,0.005199699,-0.010917013
4/30/1931,-0.1327,-0.137861328,0.000874832,0.01193999,0.014511203,0.01339972,-0.010799119
3/31/1931,-0.092,-0.216356923,0.000754996,0.008340125,0.00856654,0.006699917,-0.006438216
2/28/1931,-0.0658,-0.070785944,0.001295112,0.005182592,0.010433822,0.009400066,-0.00639703
1/31/1931,0.1188,0.256606064,0.000406839,0.009855475,0.008529194,0.006799995,-0.014705401
12/31/1930,0.054,0.210319604,0.001450515,-0.007089909,-0.012139638,0.020300122,-0.014493382
11/30/1930,-0.0701,-0.116624808,0.001398369,0.00240965,-0.007010537,-0.008999919,-0.014285245
10/31/1930,-0.0171,-0.002780189,0.001306964,0.00704387,0.004230388,-0.001200045,-0.008097364
9/30/1930,-0.085,-0.109661931,0.000866126,0.007576046,0.003545954,0.00540003,-0.006036633
8/31/1930,-0.1272,-0.145894872,0.002191739,0.006270077,0.007359678,0.010800376,0.006073295
7/31/1930,0.0114,-0.016647187,0.000888366,0.002189217,0.00130943,0.01359988,-0.006035559
6/30/1930,0.0402,0.030137149,0.001984032,0.005400915,0.003442518,0.005599992,-0.013889496
5/31/1930,-0.1615,-0.216806185,0.002692966,0.014172701,0.005083175,0.010999593,-0.005916514
4/30/1930,-0.013,-0.054247566,0.002580777,0.006090688,0.013950363,0.005700165,-0.005882762
3/31/1930,-0.0065,-0.069795905,0.002104354,-0.007060479,-0.001590518,0.008400383,0.005917573
2/28/1930,0.0829,0.100676068,0.003474335,0.016058026,0.008329289,0.013799931,-0.005881715
1/31/1930,0.025,0.064291781,0.00296423,0.009377338,0.012888741,0.007199947,-0.003905828
12/31/1929,0.0665,0.129308842,0.001392852,-0.004119892,-0.005689794,0.005899876,-0.003891673
11/30/1929,0.029,-0.050081984,0.00366126,0.004358591,-0.008919718,0.019199832,-0.005803114
10/31/1929,-0.1306,-0.150024651,0.003748238,0.018021872,0.023645473,-0.001800117,-0.001929257
9/30/1929,-0.1971,-0.276809653,0.004584564,0.016815412,0.038195711,0.007299868,0
8/31/1929,-0.0466,-0.092195129,0.003519319,-0.001380555,0.002749609,0.00340051,-0.001927608
7/31/1929,0.1007,-0.016356218,0.004029585,0.005240299,-0.003409703,0.00199965,0.00386805
6/30/1929,0.0483,0.011355036,0.00334516,0.006615774,-3.03114E-05,0.00200028,0.009765609
5/31/1929,0.1153,0.053315191,0.005192916,0.010694296,0.010990002,-0.004600279,0.003922196
4/30/1929,-0.0402,-0.133644914,0.004388596,-0.006129728,-0.016170199,0.004500508,0.00591758
3/31/1929,0.0188,0.030601746,0.003567012,0.008862757,0.027508782,0.001900017,-0.00392885
2/28/1929,0.0003,-0.020027819,0.003430677,0.00045735,-0.014369799,-0.008700352,-0.003914522
1/31/1929,-0.0031,-0.002626035,0.003573062,-0.001840469,-0.015689979,0.003000296,-0.001952914
12/31/1928,0.0599,0.003468308,0.003438452,-0.002849995,-0.008989651,0.004299388,-0.001949108
11/30/1928,0.0058,-0.05132203,0.000600639,-0.000739839,0.000438442,0.008400733,-0.003884117
10/31/1928,0.1231,0.114715733,0.003849047,0.00188596,0.000336394,-0.003600056,-0.001937775
9/30/1928,0.0176,0.027628357,0.00408058,0.003215719,0.015761259,0.008299924,-0.001934027
8/31/1928,0.0271,0.088999736,0.002681221,0.002764338,-0.004060439,0.002999333,0.007797477
7/31/1928,0.0776,0.044184022,0.003216038,0.005014601,0.007647345,0.008300654,0.001952914
6/30/1928,0.0159,0.005856032,0.003225488,-0.008949473,-0.02174009,-0.000999879,0
5/31/1928,-0.0373,-0.084224972,0.003122616,0.001655098,0.004135068,-0.002400319,-0.00775214
4/30/1928,0.0158,0.043786965,0.003237677,-0.000640477,-0.007710501,-0.007799751,0.005847317
3/31/1928,0.0358,0.090989701,0.002230285,-0.000260098,-0.000359502,0.001399832,0.001953963
2/29/1928,0.1121,0.053050823,0.002942632,0.00104419,0.004545219,0.004099941,0
1/31/1928,-0.0141,-0.023623827,0.003294203,-0.000359687,0.006119607,0.006799881,-0.009671174
12/31/1927,-0.0016,0.048169351,0.002536312,0.00461306,-0.003599938,0.002700079,-0.001930294
11/30/1927,0.0226,0.031635437,0.002229515,0.003728997,0.007150983,0.006800026,-0.001926575
10/31/1927,0.0716,0.080825936,0.002086102,0.008317605,0.009704852,0.006799697,-0.001923901
9/30/1927,-0.0396,-0.06589872,0.002519651,-0.003450354,0.009858263,0.005500423,0.00580312
8/31/1927,0.0359,0.004746304,0.00209669,0.00601641,0.001797466,0.014900094,0.005836993
7/31/1927,0.0484,-0.017829065,0.002757059,0.005611066,0.007600376,0.008299318,-0.00580312
6/30/1927,0.0691,0.051578691,0.002990186,0.00428798,0.004969632,0.00030024,-0.018974321
5/31/1927,-0.0055,-0.030288763,0.002583286,0.002944829,-0.006889282,0.004300448,0.009578548
4/30/1927,0.0564,0.073378799,0.003007886,0.002034533,0.010863571,-0.001100465,0.00772222
3/31/1927,0.0214,0.057339111,0.002545776,0.001561057,-0.000489752,0.005499748,0
2/28/1927,0.0106,-0.054770732,0.002959914,0.003815542,0.025327863,0.00830016,-0.005757546
1/31/1927,0.0521,0.054725737,0.002569532,0.00383205,0.008777375,0.006900627,-0.00761926
12/31/1926,-0.0166,0.029572174,0.00246256,0.005671067,0.007471509,0.005600031,-0.007561646
11/30/1926,0.021,0.033183935,0.002778199,0.008902106,0.007813238,0.005599547,0
10/31/1926,0.0267,0.020749218,0.003092646,0.0044526,0.015997119,0.005700222,0.003795683
9/30/1926,-0.0271,-0.022697792,0.003194379,0.005384458,0.010173702,0.009700308,0.003810145
8/31/1926,0.0271,-5.13894E-05,0.002273175,0.004969106,0.00376302,0.005699371,0.005746517
7/31/1926,0.048,0.025620376,0.002536192,0.000929777,4.817E-06,0.004399726,-0.005713684
6/30/1926,0.0231,0.011188899,0.00224272,0.001339075,0.000435646,0.005700076,-0.009433981
5/31/1926,0.0475,0.037793267,0.003459159,0.002663802,0.003811923,0.000400131,-0.007490851
4/30/1926,0.0146,-0.006615261,0.000128389,0.000842424,0.001411627,0.004400428,-0.005587
3/31/1926,0.0245,0.017906999,0.003426864,0.008968163,0.00758907,0.009699764,0.009397491
2/28/1926,-0.0553,-0.107319416,0.002993816,0.004080109,0.00412878,0.008400446,-0.00560688
1/31/1926,-0.0402,-0.063910987,0.002680928,0.003191271,0.006313156,0.004499603,-0.003724
